hour,moisture,temp,light,ph
0,68.02865775138106,18.255121747751506,5.580825844002754,6.621261834176783
1,66.52802316824268,18.5703447297125,0.0,6.444112429571569
2,62.819146334346776,19.296194130779767,16.328901619026546,6.317134880286097
3,61.303972969134485,18.041729914185574,29.31297537843108,6.472906843941615
4,63.89565220243731,20.31538641750368,2.4443833044535914,6.438147720548906
5,62.72141406321618,20.731368819755296,0.0,6.722273382141073
6,61.671201087244896,21.9955777101439,0.0,6.546721869590735
7,61.025567345332014,21.46754008130626,0.0,6.5236233483042945
8,60.11530715960855,24.705408831158888,134.32679033017155,6.310004694375573
9,59.018326505860294,25.674124905721325,300.7649919376058,6.288435181356472
10,59.290042057038654,26.17430038281244,422.39514378964896,6.590599735669368
11,57.91634084261081,25.616333404475302,482.15352677564806,6.617065415254683
12,57.10525407471864,25.67169335305096,523.594326894014,6.392215047265319
13,56.145040204602545,26.666529623469895,482.7609786485295,6.422585629447385
14,56.954854764307505,25.73464661673241,471.95442226000716,6.389553103391915
15,56.374524329670614,24.589221244373498,295.7278416769467,6.261491730247893
16,54.61641475872892,22.80395690334853,138.72333061351534,6.589245354052547
17,53.27694051641118,22.633870545542454,18.308042354041543,6.539450133159162
18,53.8998702074617,22.140442635163865,0.0,6.580775060332877
19,53.03029369162821,19.793911861084222,5.922405541291521,6.531326632661587
20,49.53782551707397,20.27641435511101,0.0,6.465303577223607
21,48.74042900881149,19.494813560705442,37.723718024210605,6.520949337539821
22,48.090901401256154,17.197094687270067,0.0,6.3808896584716175
23,47.82997940056631,20.106890384831953,0.0,6.536185681080034
24,47.80735917270818,18.098794370151843,15.345936774128079,6.372494739711427
25,47.77113985536399,17.513485221115438,28.055886218721984,6.342247721475676
26,45.84419413344346,18.702112833837404,0.0,6.621249362011785
27,45.495909112188755,18.87349084206835,0.0,6.518697405987473
28,45.25885683967873,19.37294574509848,12.410964319234703,6.491157363787183
29,43.89518403914385,20.81177309673288,16.270344347393394,6.362766131038676
30,44.49634788826328,24.136028663122968,0.0,6.48576584295929
31,43.700713059203395,23.765432967939432,0.0,6.352015055440637
32,43.48852196283356,25.07835512769159,163.17039138358442,6.612158020919947
33,43.53193158433701,24.3616444804326,333.844400151737,6.567329799520165
34,46.65979521889755,24.805202295676118,390.76102986774526,6.374818482636287
35,43.71077681912769,26.298626536812975,492.3047914163617,6.738085006929224
36,41.68262426002285,25.487273890512895,517.573470963818,6.481718508027493
37,40.8302017668788,27.131229056989632,470.5704515517128,6.836890149001505
38,39.198864326581216,26.350544105895715,406.62421965042427,6.493997230959012
39,38.47130937272385,25.504326010127368,305.9936624203128,6.501730379491925
40,36.76109671452992,24.726338326030387,179.55604936053325,6.469412843498104
41,23.23345743658377,22.143383647547996,8.90751249449367,6.556707934578211
42,35.89686881729925,21.457548976995213,21.148470177247525,6.516633152148306
43,36.2298385531308,21.912463951325343,0.0,6.3979308442209355
44,33.2479631329552,20.310464482891586,0.478636289316739,6.615099527668237
45,35.50045640465848,20.184723877505792,19.080035269864048,6.588636799167446
46,33.01637315103065,17.43998216040401,3.3004559621867706,6.407758378871226
47,35.461615384621794,16.747183030877828,13.725203807490269,6.316943944467992
48,34.06242083132158,17.941415623316587,31.20760282265758,6.536353062131767
49,32.69174194851386,18.51873298774168,0.9114367980762756,6.44273490041054
50,33.54129292820681,19.40818058817852,0.3028655651972857,6.5739758241472455
51,32.15648834483762,20.06278896432316,0.0,6.50715856914721
52,30.907489782455603,21.538310805718897,0.0,6.482785313341967
53,32.50081626244478,21.497978609591055,0.0,6.63107037576981
54,31.794193028400393,23.530350210415968,0.0,6.742172837853459
55,32.7915285168733,22.678410029147432,19.68210307148214,6.613883028534758
56,32.04144150161525,23.46319609598351,136.8082588588265,6.508312721553668
57,33.30986858201904,23.89358344361006,290.31249081570195,6.536615811397568
58,32.74292791162343,27.551768579130385,415.1336329306236,6.630095523118415
59,32.53515856193831,25.59279922466161,477.58773701672135,6.474689310499826
60,29.112098965669457,27.233702030574346,487.6973264445734,6.7742850591171875
61,79.649164699772,25.98617441553784,466.46303999587377,6.545838733477524
62,78.35484892417456,26.353052713986948,414.1744324745141,6.437777790691959
63,77.92321705640363,25.502747853207143,286.5193634043396,6.626137500117516
64,78.3602737931498,24.697565633579146,162.28907646914104,6.535006228120292
65,76.92241424211885,24.174095455839876,41.8629100253443,6.468184797066324
66,82.14852828003725,22.22607249453858,13.639059425899278,6.483694931332023
67,76.53437015842083,20.68351749449559,38.246352796799414,6.648754192028868
68,74.6235483308407,19.237918531002187,23.162217470001355,6.61592646539879
69,72.77215129777714,19.37378865948954,0.0,6.733378724111244
70,70.68262089714366,18.488059132772225,8.258629085512487,6.453279995786761
71,69.30626055187595,18.508624298098074,11.182184052290552,6.625631933094895
72,67.19534543950147,17.187614370301716,0.0,6.505744880774874
73,63.751422093200205,19.70590790908082,0.0,6.53081099950146
74,63.4168897878112,18.18769901982335,10.386930284823446,6.715287208540605
75,60.516202527217615,18.809848734242575,0.0,6.586279713511757
76,59.61821321989356,20.323659310428397,1.9535219709766345,6.43859736491764
77,61.17675449491702,21.603290557432818,0.0,6.754554579758728
78,61.35873698690618,22.46025899439364,43.796058664353446,6.434362744737678
79,60.61982517231824,22.264815205798698,36.732299807511666,6.314142779980774
80,60.65997116998234,25.81452206117567,185.7011929454754,6.462130100300808
81,60.63406873451921,26.323339414892853,315.649151811865,6.5154826057072
82,60.96993937883439,25.40234648325695,373.9935758066344,6.693823223880146
83,60.12777861026614,26.400267122935762,427.4671071797427,6.423203280740536
84,59.58800468519033,26.351169864814754,490.99869057041514,6.606100530861996
85,57.24020682476102,26.605682142939397,497.7213354882668,6.716323058610477
86,57.01663719290697,25.17889777569547,439.2793058989024,6.545239495095439
87,56.45245752539494,26.064608663691917,322.17588967565825,6.551289114881274
88,56.56377408530596,25.408490635828837,147.3942469701525,6.613684714180109
89,54.06399203275919,24.504332603798492,33.801562932075214,6.514909200455274
90,55.25339057495346,22.37286121413878,32.57231091142584,6.365746363994509
91,54.15960132671946,21.91543355314994,0.0,6.331595355436895
92,50.49664148891468,20.24228935819273,0.0,6.6117192448399
93,48.80686220780035,19.875296884995407,14.94736063223603,6.496475462016571
94,46.897425475961114,19.25272098707948,0.0,6.436213799108815
95,44.71720939703302,18.29665582551605,1.1494800604859354,6.2574222401754005
96,42.956183441675485,18.588703231467576,0.0,6.515235578344033
97,41.046907683152554,19.017419518963806,0.0,6.3943854479931845
98,38.49260772184237,20.046917101698064,32.899354270025675,6.511867605541254
99,39.181275350095426,18.798743501496773,0.5724111913565235,6.65798670904455
100,38.24887210357972,19.653086950399857,0.0,6.566167566592086
101,37.48226704865279,21.344010420571284,0.0,6.463227128754458
102,38.912089393779745,23.122831108439758,0.0,6.719345226954823
103,41.38305641869193,24.26442163744012,12.4527332819289,6.731596512243673
104,39.917492242114214,23.31127951810873,189.12206399463048,6.770881927144435
105,39.33023430674561,25.347838810456114,296.8916339317524,6.513132726201933
106,38.11188999853351,25.491920611006194,397.6025193181792,6.438073037926442
107,34.65254233677357,26.82893636928061,484.63060942144244,6.53156287038852
108,32.88146032678699,27.021832283540803,510.0183437524876,6.424445300912193
109,34.19700652419093,27.57691233238632,495.4857868495467,6.450343740400681
110,32.81275616263814,24.437715237486337,376.89954904529344,6.5475221238873855
111,30.580254380568867,25.8841354792893,281.3372561484944,6.573881050172411
112,72.81057980226534,24.091551192771984,158.5591394660701,6.632982061644263
113,72.53299236576214,24.6060503798166,0.0,6.446124499631562
114,72.1226860671419,22.489034438196718,9.760881587574987,6.731368021697044
115,71.4701633625497,21.05274154957214,0.0,6.489844947749665
116,71.67450392796835,21.245456044544678,0.0,6.585045341248831
117,72.02648014783328,19.262631879716768,0.0,6.420781572977931
118,72.57197998953664,18.278581717946068,0.0,6.543678340525291
119,72.45764957100971,16.784907750517615,4.712291162171319,6.634255753554456
120,72.25067459051687,18.976093872576502,0.0,6.504049708519973
121,71.99539015950114,20.47379551408803,3.6373251011699033,6.581880923656119
122,70.2492142429895,18.40324176645432,30.19542624919247,6.600338590905709
123,70.4051731030134,19.2845042891708,0.0,6.434642807406202
124,68.87471774287242,20.078827914323185,19.277006374307234,6.6689213470024935
125,68.4938067571441,22.98710500263716,0.0,6.402735888902709
126,68.23508185631985,23.189396851680712,0.0,6.2731280939257905
127,67.418489202253,22.655829475572173,75.26391018357532,6.567600995137106
128,69.24078637905754,24.993164228250222,178.75906231618453,6.605148453137695
129,71.06193063620474,26.425707694670965,338.40313048296844,6.490748572128337
130,69.81272712604516,26.609904762231707,461.3897744697854,6.614968773353014
131,68.96401521426726,26.04314298219913,456.8889092962609,6.353511652676186
132,67.90450368588748,27.023456543785326,525.4025109315143,6.453877547254992
133,53.47755089480073,25.18213347566258,472.2161355197454,6.519367624930358
134,67.10279385411782,25.859275033446984,432.22514981514263,6.330705824464547
135,65.91108956632445,24.464150930753647,358.00659401517777,6.559200665381817
136,64.61166829039348,25.06036890799821,172.12496118686548,6.570698848131541
137,64.10074541753698,23.12148089650386,12.091954937695547,6.564866080623107
138,64.76906928535982,20.39346344736129,0.0,6.4032176439775705
139,63.55416787428601,21.188515659794074,0.0,6.458756450789173
140,62.24029911989129,20.46527267467038,9.706319931209064,6.459374396227262
141,62.21327404902404,18.789275991280817,0.0,6.610819400647429
142,60.90498471850281,18.873470076620162,16.277278162472108,6.43924480035193
143,59.401698498224256,19.584705070535914,0.0,6.62600672613339
144,56.83413053450726,20.035484619863453,0.0,6.464416858158746
145,54.324452358928035,19.244839728373517,0.0,6.772948809083451
146,51.423446596660455,18.7236956693484,19.43645380345471,6.558658517168939
147,49.96724221165125,19.749751448730233,6.156035377841183,6.357153300126533
148,48.34968641008617,20.289220645245862,0.0,6.574471597915814
149,48.03962412233595,20.80576066995117,8.165055114289437,6.358063474736786
150,46.59036850858535,23.04528500255871,32.41066890331754,6.750832863476664
151,43.482786423895746,22.6353496794748,18.837964585503734,6.565504433270627
152,42.61551568845907,24.782581762770313,149.47301113674425,6.6320961484292456
153,40.857269740488206,24.370814512706403,289.38354181411046,6.688810522838268
154,42.54508315233917,25.844193776801227,413.6588631504813,6.5838579228312035
155,41.36087142012216,26.585046229325844,528.6303364841699,6.55084631927837
156,40.337444338067385,26.817751412943295,503.59690837456117,6.522191234560194
157,38.839141684136486,27.937397224007096,491.5836844279036,6.494877494138016
158,36.51433027075029,26.83142269346685,376.49510843410616,6.699669731559298
159,36.042586289836265,25.948699875240013,312.4550268923224,6.4021321842001155
160,35.93697325880378,25.118664640221226,203.88568274801338,6.689838689354973
161,34.78849831864461,22.330242506050567,39.92670052206928,6.587296029704901
162,35.30816218959626,22.73081319585008,8.932794630341716,6.536780822129432
163,34.08674358431944,22.133659449941295,0.5663675226092234,6.565944243984817
164,31.813361251563165,21.024561747267153,0.0,6.7157247267539075
165,30.636825184193647,19.443523101087752,28.939557687074657,6.585960080426717
166,31.09126596055985,19.386059221631697,0.0,6.632633922548357
167,30.868046044289475,19.612416067349287,0.0,6.731495200067597
168,31.23995099819315,18.97685525757511,0.0,6.361544688680603
169,29.77190274624812,18.636634694554324,0.0,6.462338335101797
170,68.46249440088451,19.44903585769047,31.01000985628154,6.452774083791246
171,67.76719823803,19.236870687638845,46.194455108123734,6.4929089390543
172,67.5166103364028,21.119726698005522,5.783372878156362,6.867212585469208
173,66.38796712476696,21.211349989141453,11.107536336138162,6.4978321091091065
174,67.47745948910473,22.269168651799422,0.0,6.629146435446269
175,65.59695679301744,23.19814581686793,83.36299051537522,6.685117164867897
176,64.03953277738215,24.415604438850217,187.52908893035675,6.612711383478343
177,62.129147244412394,25.6379810504557,276.232928878804,6.4216957326284385
178,61.55561647157954,27.625513592750988,402.50724802824817,6.599431122876568
179,56.31255965442355,25.89329039824047,501.8309603069414,6.613752774801925
180,56.51780115486315,28.20313154738783,511.6785637065193,6.529461517785453
181,56.619713706597594,26.926816931085085,485.8307506106922,6.658377410336037
182,56.846411338577276,27.125303774293297,440.5026538297222,6.650421755190657
183,55.95927870149676,24.88734562172178,297.4130621563472,6.631971230787284
184,54.957602167311386,25.748527176884842,185.63376247625683,6.578148954458638
185,54.99293511588956,22.680843137654826,66.11813812506963,6.598212219611321
186,54.895912961398196,23.987728310609782,0.0,6.606059151772341
187,54.237208253446255,22.017299385090862,0.0,6.524016669883054
188,53.45941698264175,20.165669034847667,23.90093257849685,6.389794140105847
189,53.55877187235617,19.47669425220245,0.0,6.3283477398048396
190,51.899165764297315,20.766589727213724,0.0,6.30871985388549
191,52.230267926889965,19.65190950104803,22.437063788536967,6.729841827642966
192,52.46457576614197,18.74757137642749,36.93273992095332,6.454281034785962
193,52.88420705448786,18.79795502754966,0.0,6.502396677011583
194,51.054339070863264,20.51782213557185,0.0,6.716766706535675
195,50.2065682146165,19.8144397942277,14.154310824992411,6.669396016379909
196,49.91753062115235,21.89023409155694,3.9304233940294027,6.667771657655721
197,47.66378605591196,21.75182267932165,7.499558766794178,6.491803264717302
198,46.92832120972923,21.68229198575656,2.5620882982157855,6.500965007848114
199,45.62470110338561,24.658790037206167,35.450840262934044,6.579644521178961
200,44.71673132127162,22.887808606147832,153.69629739798134,6.673940965482416
201,44.23780529306952,26.03843692334266,312.9635429930947,6.514170640388351
202,43.83904508558448,25.364321931234716,444.0046622425336,6.687974681614181
203,41.983778868877245,26.720743559141624,472.61645942888737,6.572354593287096
204,40.41111420956383,26.602031833142235,535.9537305369904,6.659592350097141
205,38.79843080072883,26.334628715508185,483.5103933094802,6.486865768872358
206,37.93415909079483,25.77346426042429,427.90116247946247,6.62990945299571
207,36.29612492299156,26.52654717762501,315.73774985936643,6.6967086632649595
208,37.75086997717563,24.275561812979344,220.0936299310008,6.606440500760618
209,36.13951149710391,23.438749657824104,53.36254801581964,6.71821013924984
210,37.46418715641693,23.175971003190224,0.7600695633640058,6.597094965951291
211,36.381892091147755,21.96091186334523,21.820922043293347,6.569403195255417
212,34.84761617359883,22.086101478083023,0.0,6.406966221119921
213,31.78456333256181,21.59987462472892,0.0,6.796390712301097
214,30.49132965835933,20.069738402302583,13.046457568268393,6.39352414790699
215,69.93178125475607,20.067281845612683,0.0,6.630187630757589
216,69.37609893966932,18.69385899993005,0.0,6.586654356105906
217,69.21846248130207,16.78451358146451,22.97531400744207,6.383939444859112
218,69.22042706266832,19.393473546282937,16.14586249622168,6.4432131712205205
219,68.06651456329183,20.375826963763224,0.0,6.649949997579259
220,65.03988011906404,21.130390096921804,0.0,6.740747528877608
221,66.31694902249633,22.571952196405555,0.0,6.550794173794272
222,67.00043955023818,23.905051715034347,24.29018570610696,6.581962385082735
223,67.21167655742134,24.153358490756137,40.47042941120075,6.569143116422286
224,66.72696404899902,24.37701622205317,186.22803491845445,6.468510514568628
225,65.68083876160321,24.156917560245347,333.95643995068656,6.634283715420243
226,62.45047025779044,28.741354875996816,397.56116608353983,6.641111901114973
227,63.453313406990056,25.95882954658069,490.5294166982364,6.466295230731645
228,62.61227554860743,26.406480153248772,521.4617469082062,6.573029792760253
229,63.19692201493128,27.1872997986592,481.2823166998565,6.636500418608431
230,63.60502336226066,26.637249202623437,406.0054248120943,6.600804922617485
231,63.793800655853964,26.70510235231934,328.4044908972208,6.4555445087848256
232,62.213368703864965,25.164353638865784,208.94920583940993,6.56241949309675
233,63.145675291082895,24.32515460474611,40.76813962180212,6.708395558507087
234,63.80764959885599,23.38301122739795,14.429325475701484,6.668952730178272
235,62.93555791108531,21.992235965491993,0.0,6.5945745840222605
236,60.809803564051414,19.6120584106544,0.0,6.779012516171241
237,59.33922520646373,19.040152023652656,32.840303202727384,6.7138831490336
238,55.78276902138795,18.916555503706192,1.1828424454484483,6.7278391414343295
239,53.38401837140488,17.747028680403055,20.451408640192806,6.885475387073197
240,53.352871478510885,19.486435363972554,0.0,6.6496561865618045
241,51.3137828815542,18.937817063327316,0.0,6.59080528778233
242,51.92247814810963,19.068001524871978,0.0,6.650226682899557
243,49.8856239792454,20.950250255621388,0.0,6.575650064998057
244,48.25955003228768,21.46689027177104,36.932530016609455,6.6292799690926945
245,45.9517683212644,22.343164039935246,0.0,6.668904837527758
246,44.23161912023375,23.0770111448983,9.43922666493218,6.619311892035089
247,43.4488005664929,24.093809963350196,36.16016502666113,6.523057932891587
248,43.97822135044347,24.78533721448792,186.71985526692728,6.692771161446814
249,42.6029491286834,26.570427056278753,311.8526527560697,6.752335091718549
250,41.98952717336815,25.864547935588675,460.4546096184865,6.454067529707246
251,42.29884664351629,27.220803013094482,474.8338734563812,6.587027559029689
252,34.38692509093045,28.324777679816243,469.26104079947356,6.634736189921436
253,42.68931938688949,28.953531205256738,462.46613527454076,6.799300059650989
254,43.175600477610956,27.373401354301443,422.05440401570473,6.538508241035129
255,41.9000989631202,25.69162326664131,306.11802804293745,6.480835235314556
256,40.69223130564065,24.868032249419432,177.04551079286284,6.606621095516776
257,39.95245354274942,22.816620093424188,56.81760342708532,6.702629518390771
258,37.76566762661964,22.039285948952923,13.899958015537496,6.836191183499472
259,35.96206794049422,21.94616898744076,11.166538250434447,6.61172668996719
260,34.31546442600708,21.529591297886437,0.0,6.6123592641297435
261,32.727494652267,21.18650784539917,21.82620241188538,6.675702617506562
262,30.95234369315533,18.43624359386732,1.4599351194671517,6.6962154245636905
263,71.91535457032568,19.342631327771986,0.0,6.646007233248539
264,71.7216241151247,19.889181633683403,0.0,6.45263402359784
265,71.44736932808496,19.8265877725768,0.0,6.4202596623005626
266,71.21118136706777,21.654117779056214,0.0,6.71300087095897
267,69.55642889539023,20.66657048184031,0.0,6.752338307693188
268,68.78712278387594,21.381178025204548,0.0,6.731427059969156
269,66.98880005875934,21.806130754457204,0.0,6.769950199895419
270,67.1138255569833,23.503578366551697,0.0,6.710513933928808
271,65.48770227135543,24.582850466982173,4.118073872715051,6.620056792454085
272,64.32455103581827,24.974242737859377,196.6459832995194,6.675945108547581
273,60.992420401787314,25.43502328803998,262.0464225216203,6.647574295720793
274,59.14568849454242,27.067864379382453,447.60212220338184,6.758633400228451
275,57.882466020771105,26.937397520442055,467.5242378948628,6.563070239268871
276,56.73713637904179,26.881844031057234,492.23646362917543,6.632831924709832
277,54.137498112045634,27.717471284811342,488.7877581452978,6.887023826280494
278,51.8137686284458,26.408109073871344,393.5848450353207,6.396144325515171
279,51.823356734106866,26.562005625627698,319.2140371474289,6.591464333420603
280,50.43465365973209,25.437262984569774,165.9347534260948,6.634385168398272
281,48.93081748290196,24.13434476293332,15.429286378888108,6.859649012018699
282,47.83813066102439,22.37720541298918,0.0,6.506205652341545
283,44.11127290392171,21.732586991737914,0.0,6.339217156993733
284,42.30187072807646,21.955743530164597,0.0,6.831503143650406
285,41.6666559774241,21.032472337890745,28.211360100103175,6.758119474093655
286,42.123139558066775,20.908927122491466,0.6400829813153325,6.5219718335832315
287,41.79436349420905,20.637819359639437,0.0,6.623187118543168
288,40.9796648181933,19.36795417391933,0.0,6.505427308301463
289,41.18125036657661,20.282758497690335,0.0,6.569694574404755
290,42.21553926743015,20.3312709626217,19.920953716116326,6.5312055822944055
291,39.850235240622716,19.989812814952717,5.623591245389058,6.5109464909498165
292,39.40013016454664,22.95221180514827,0.0,6.733361808292489
293,39.96489929622101,23.62435100883252,14.916025021208075,6.693232493705974
294,38.6361252741712,22.548842195356197,0.0,6.386058202197621
295,38.635991870886905,24.373645569818905,49.27010841485722,6.5822462371957835
296,38.52715646738388,25.872799699258838,215.9147383475761,6.552051700294468
297,38.45699871468683,25.397720769125854,346.0847096393462,6.605215850689672
298,38.29681462764228,27.623090630353413,421.5633903743642,6.466401159168039
299,36.99736576202776,27.015198634609444,495.30048748916187,6.691370254577722
300,37.99114521806852,27.237227190616252,506.1766602519793,6.826286786278969
301,34.880820631157064,27.14665675359859,515.2741995495817,6.696846855750937
302,35.34253331178163,27.222856625381123,415.1738395206146,6.475105204568017
303,36.028280272771376,25.30726657197985,347.56973036086833,6.5712835575924755
304,37.54853360682706,25.535947153085786,174.78760733967775,6.675373313109158
305,37.26226717270114,25.419334625630878,29.94919973606111,6.489264011175339
306,37.69512555679526,22.92194340755399,34.5392770246681,6.574064650648988
307,34.55893031461232,23.350690356782316,33.62184629860975,6.531912326949127
308,32.42524629988435,22.230277211969145,0.0,6.9290049072029305
309,31.6988921539578,19.841432894510152,37.22631194472789,6.84841475045347
310,32.08462828499474,20.230129873450593,15.567221523332755,6.555878706963316
311,32.675280634996064,18.837094161610388,18.956516056744324,6.703865126928012
312,30.53971154723841,19.160185872943455,0.0,6.407526949987956
313,30.736042656630776,18.359040517457213,3.7969567242492857,6.7007223119798915
314,31.522159843296535,20.31668998800437,0.0,6.516378635629906
315,31.90470743261374,18.936796462439872,0.0,6.67334866535683
316,31.447759031420123,19.90036194791695,6.4633542836956295,6.613799033680883
317,32.15394868502429,22.12388109321398,0.0,6.679723897943752
318,29.727669503355806,21.01730366974191,0.0,6.844181535637093
319,75.21996895735182,24.725409025637333,43.17190902817027,6.667726372015059
320,74.66791086706408,25.412317449488604,182.27475547732402,6.524416643313895
321,73.87385527761745,26.437432970566366,342.0177349651201,6.535129869955082
322,72.5377957807576,26.767999424898914,420.90108128282276,6.49578817705769
323,72.7520224149279,26.953754699828934,480.6278789593573,6.693424050161215
324,71.47742304933506,26.83190362042713,517.6921357972539,6.521209727390238
325,71.24737328343373,26.175385206988107,485.1592232581925,6.4687215274819145
326,70.6258261020852,27.057539948564894,402.6997990385649,6.593679562727738
327,69.3081940640661,25.495338615501918,327.75742638507387,6.769347825968169
328,68.18249275565331,25.436965851228532,209.3919020463017,6.848891921547946
329,66.52237313009849,22.013309233981627,71.87081389508948,6.739983524967067
330,67.9301420300103,22.487615178028353,0.0,6.64036375698315
331,66.9494139167912,23.379738395275695,0.0,6.535608303238693
332,67.89549877484946,20.700421482515974,0.0,6.6429105941994795
333,66.45527818181397,19.23613366866372,17.66219554294318,6.622170880395187
334,64.50231047397716,19.84669392414025,20.767775114692235,6.692162235222727
335,63.99585695986567,18.300787752557063,18.38457869150407,6.551334053772044
336,64.60179781222101,19.837809586767644,15.307804283408675,6.6178228938509704
337,64.40375121245285,18.8676260592087,0.0,6.764436766945507
338,63.013633675531864,20.3310534637116,0.0,6.578955420443807
339,60.76289584130556,20.91886681608625,41.2504983848629,6.512737519125254
340,60.61760332145427,21.601405198481952,10.425905811915126,6.641538735860862
341,58.66674620633042,22.71578418571371,0.0,6.7591290683173515
342,58.260005530975036,23.194882918746217,35.85845182661746,6.667716102206536
343,57.39203444515182,24.161157834519205,73.98018406156011,6.605393299619084
344,58.52432867323536,25.689042828961522,198.72997886889698,6.406208297678555
345,54.938629586485625,25.75058422342832,351.5594065062582,6.638097301359902
346,54.99192295332626,26.20061158628684,408.4570974117859,6.591556429743478
347,56.31722651026564,27.014261618144875,503.8644923980688,6.8233993950664615
348,55.5764612166403,28.388520566891973,500.75900872580894,6.657106819894803
349,53.74797519984048,28.2222615042832,470.22897603559113,6.664980627540508
350,52.808101812962114,27.29192804560996,409.5788881300583,6.734145217733561
351,52.08116358936497,27.787985012350493,305.6128890829246,6.559512072372786
352,52.98571230309445,24.35501561090003,219.27542109095447,6.720936762632485
353,52.57900827828027,24.250684745072924,80.6619812163809,6.8688273010231935
354,50.133263491029346,21.586821722331234,2.8165685305549975,6.772913181647125
355,48.84850917381127,22.300711882104263,6.639606611380291,6.663701430409255
356,47.774208897855075,22.008884171426295,3.9195006772920533,6.678878998968576
357,45.62726635624427,21.44877325655151,0.0,6.737808404629505
358,44.94920528121736,19.427695992710664,0.0,6.651865238313587
359,44.408197308719124,19.302167556933977,15.998838038841,6.446884195823377
360,45.100815997112065,18.808839022863356,8.566259249469926,6.7578962856425
361,44.14157752177045,19.501239316291716,1.4010432622636277,6.789425396312983
362,44.20133715480216,20.966705399226235,5.303110545977749,6.727031664195387
363,43.38247697533557,21.47240974930752,0.0,6.73134503834371
364,44.566092309309255,21.218389540117222,17.716062752034386,6.6776011428515405
365,45.80178420595436,23.516655382457156,32.79929058742786,6.739055298928627
366,44.129496501422175,23.5241292580281,0.0,6.361669527812038
367,43.39034043597263,24.976464481242456,72.02946806409165,6.85340612485169
368,42.39301074533117,25.352514679426324,198.91573228030774,6.385069890034092
369,41.53676420495831,25.774490340847105,299.3040176992059,6.640027331284557
370,39.613862993284016,26.42857345927171,416.52806565932565,6.650824190592685
371,38.93591447143988,26.76197818068381,486.1299770156323,6.810854053522777
372,38.62733436139498,27.355608168854694,484.41696696143407,6.626680214549561
373,31.981823432551916,26.726882619713482,501.26662957922065,6.652557397840633
374,36.16598362913961,26.441784197208502,393.0727509532537,6.427040955005072
375,35.8166166426144,26.73540714333014,295.80655293199993,6.757404597689134
376,34.94904649440431,25.008181707874467,193.5417372489101,6.691137819488315
377,31.72141301806866,23.959953525016147,66.9348143600887,6.531538456741858
378,31.359661684276215,23.365353412830345,24.52810287740768,6.788851566255675
379,30.61562793378102,22.479803517945797,14.164288465131143,6.677985935751621
380,77.37055405242664,21.78920282016488,0.0,6.663027164693183
381,75.02350124078532,20.15511733233503,53.56219747276785,6.5917218588691195
382,74.87596374610415,19.21375827212148,25.314156817294013,6.54605901821426
383,74.55407546681954,20.31277790641729,36.80434269683982,6.560543180952546
384,74.62431683936461,19.0532616254383,27.849306001286575,6.628970197518087
385,70.65424047656501,19.171505025754204,0.0,6.799525273988547
386,70.37200692161471,21.027020287023927,0.0,6.609678064715411
387,67.89808660992604,20.417205359479954,0.991570409694132,6.639614473871746
388,65.65920219708639,21.42238029370399,0.0,6.562271371290419
389,62.091989209114956,23.572471569568524,37.82775699100678,6.603524257031793
390,60.554718431535825,23.57819597599699,10.92568496007399,6.6597464516472735
391,57.97589580231585,24.335584901723642,38.90334968237749,6.616377305176367
392,56.93214126810895,25.322702200894806,233.9771703674075,6.703332842333732
393,53.10372564912841,25.22916329348557,339.7576962613381,6.414300426029311
394,54.19776959669633,28.838899524791476,434.22118551276606,6.719077116263296
395,51.59315756843628,26.754733390585642,454.7344861860433,6.555171072108082
396,47.258296932945655,28.188085997593642,478.5451394852039,6.687685402963299
397,45.67909992411729,29.32079196195752,485.8008180991458,6.766911575807751
398,42.72038757735565,27.451218786426587,412.15395434834994,6.646261976753465
399,39.52030678842845,26.61092491527738,334.4962634946746,6.871269783301556
400,38.04600444425615,25.276438938762183,215.8972164405771,6.617792706210272
401,36.76554200692637,23.686960686027504,74.70954168463804,6.705838526977762
402,32.80164601806066,24.59929499327081,0.0,6.580523818632103
403,31.376053687603672,20.618685414360122,54.31893144625764,6.626609555483081
404,81.14383766573738,21.320239532232822,8.293970574617736,6.838006136831394
405,78.95977498903426,20.64031204103062,0.0,6.795028190894009
406,76.98110717351335,20.92850942570849,46.66488808570602,6.6820497001978465
407,75.04699753770217,19.415239725072233,22.48225439972027,6.772678954724705
408,72.92400601523431,19.079916246970928,22.907783770947056,6.603971038572057
409,72.93324422278815,20.2243437413338,14.501915736959942,6.729699265495019
410,71.75032863776163,19.738404965477176,13.942057118165447,6.8096523302338605
411,70.45272736745683,21.705271776319194,0.0,6.561932912893898
412,67.59122819878051,20.371531988018567,0.0,6.601945110421985
413,64.38569287988639,22.81293749590051,0.024109507244484737,6.569707235313041
414,62.41722165694703,23.74358886987079,0.0,6.582609195886837
415,60.33990224434474,23.960932409935232,95.26349511913796,6.644498734388487
416,57.30515575193024,25.571565366778724,214.80229059032882,6.670534517813004
417,57.413754351684574,25.458949515863143,270.47379143877146,6.689819816411667
418,55.13201994801335,27.292954320621238,400.1559940326221,6.761619783995915
419,54.046906112232904,27.945658142901816,501.37683907813323,6.998917075710553
420,52.18889151614935,28.389511776464378,463.33317670987134,6.664387807170066
421,50.5993914030282,27.663165913195492,463.72424228051165,6.802281551120161
422,49.04780173275694,27.15398351064768,441.3649879725075,6.543813563610778
423,49.16269210441186,25.812301662589714,317.70170477368293,6.631310747588024
424,48.80483315851164,25.287021112626444,233.77279936513423,6.588111425803659
425,47.95566413934033,24.602957460102807,86.48329527908082,6.655371260689324
426,46.96985958177243,25.262932155532265,31.375572082056976,6.5083863195491745
427,46.48370805332064,23.631207107447132,1.7731518192287488,6.691435755929896
428,45.5700089352362,21.449832281874176,0.0,6.684531107413172
429,44.33858192678294,21.330116984809344,0.0,6.392216156664755
430,41.60244554949318,19.080278987210914,24.70243643897056,6.629346833327897
431,40.52867652100139,18.90280891103135,20.782235748405373,6.6586661566569685
432,40.63491730364187,21.04515833736295,0.0,6.626179955227104
433,38.009353893539505,20.800000279252963,0.0,6.873456330078457
434,36.58425720737064,20.18067583966625,0.0,6.506831284077221
435,35.76364987534909,20.13317866750605,14.816486908402517,6.614749947711152
436,33.11563490068299,20.856303280807914,0.0,6.359678555656554
437,34.72562570991265,23.355763006785757,0.0,6.64478867618275
438,35.19091617744743,23.93640926213222,21.0722479848732,6.5895200386233075
439,33.989581285767756,24.814325263442694,95.69869360424437,6.747353271736707
440,34.222356749788034,25.169572140724114,172.6051281531718,6.707004414133226
441,33.17398260538426,26.632493043108425,335.95375757470043,6.705609959436762
442,28.70933574616072,26.478426466089754,415.11898282565784,6.654780695659514
443,70.70483399408889,27.541011756546567,466.47282467197505,6.671395238458236
444,68.7805500188582,27.947916481452367,474.7967046965484,6.602372206723005
445,68.15212783886996,26.831714988112264,488.23908234437425,6.845894946362962
446,67.77363868556024,28.139576602832186,454.64637217165864,6.554524272668398
447,67.42797414318223,26.402367999252363,327.22734821167876,6.456050222802819
448,65.1759877504012,25.884762150676412,199.13347678695536,6.9270802222911145
449,63.56155389847319,25.266290039647156,82.31753040737168,6.481177253212352
450,61.94712004654518,23.47739941862908,0.0,6.841077392648925
451,60.33268619461716,22.66165269367312,0.0,6.528478496109962
452,58.71825234268915,22.234198372693996,0.0,6.731796295617575
453,56.53388943582771,21.060572297258783,3.2548882969279185,6.6813010619980435
454,56.01682490351888,20.31457236367227,0.0,6.734880249872271
455,53.490758732170676,20.564334311144638,27.849443258851455,6.817369548626628
456,54.27645827384355,20.131475105005503,0.0,6.6846134112485
457,54.20779816749617,19.8172991026736,12.572504656824329,6.532371017803825
458,54.20010679745228,20.021210544572757,0.0,6.716603830155943
459,52.29177464265558,20.629293388691735,0.0,6.725377684834807
460,52.608333899135935,21.70200508740249,0.0,6.8432549264704585
461,51.634398375552,22.93203259610782,2.010401890163239,6.75522624089529
462,49.584297193479394,24.47948490530719,0.0,6.791810123193614
463,47.14424256218142,24.404092995400582,55.155120177122825,6.688607511886724
464,45.80908303067848,26.396039191542336,220.46831854464284,6.7548280002543954
465,45.144222958757936,28.782789185643132,317.9451400644504,6.799644309978935
466,43.69361801990514,28.048406130654296,421.22679824002466,6.866037034227379
467,42.78740386182098,26.650279801787324,469.5523718199335,6.561552085948294
468,37.83631099192449,28.00614294341417,508.7347710346702,6.7332138131931005
469,37.882138498673676,28.303160425615687,461.52321959905674,6.735417050457889
470,33.896773697645386,27.566807501849908,413.6941840274219,6.674915721825499
471,33.77161769663481,24.628716844117484,319.41705678424967,6.561914981239502
472,33.42213462147658,24.927949197850047,231.6766795005223,6.740209397740172
473,30.840222998860597,23.92363389778933,102.95247329649881,6.754255630116415
474,72.315793372412,22.470902385218718,0.0,6.712127625899845
475,69.86586373361949,23.229719529779498,8.367964417773674,6.852890273751269
476,66.0170401422813,22.48133230877146,19.407867796937023,6.781102248456237
477,67.48882197314228,23.506492146035075,12.134461182723655,6.662714848351251
478,66.99414486098343,21.179308786105686,16.321456867876957,6.67579312517177
479,66.15973945074484,20.320550409312265,16.778810009392245,6.610628060212067
480,63.56651075403577,18.950593382121284,21.164140938878152,6.805343497570533
481,62.085308178157824,20.599652848377353,0.0,6.646384318609034
482,59.48686836407467,21.61979752444482,0.0,6.747411703263047
483,59.473360074303265,21.560099717198682,10.013314427624193,6.698809125367677
484,66.14444031954909,21.96031194683137,0.0,6.725119171082466
485,56.450409746311465,23.770808818052494,0.0,6.589303191220787
486,55.75424392612349,24.57624910236924,0.0,6.785487657582996
487,55.65872778905877,25.172639434456787,81.60496648973199,6.710042898987032
488,52.99713107303887,25.046928270723704,245.76220770190972,6.511024841751284
489,51.041155041805,27.98377212173901,324.8293703411558,6.487953327994808
490,48.89993697494116,27.261807798370253,435.311003721927,6.6744181694312585
491,48.67073427726585,28.950865518130236,473.5566079569117,6.533710560576117
492,46.616488673077605,27.505933230777256,489.8584876895299,6.4926220966766355
493,44.679402578440886,27.185269866455837,476.14396658857805,6.581928305593765
494,42.22263183310109,28.75368130053396,402.3247192157546,6.493487103381191
495,41.005374753562286,25.597073778046987,317.1082033396955,6.572361398256182
496,39.522361340137124,26.245111369561037,219.09890816835193,6.715119393674889
497,40.620023465196404,26.03600785090198,62.99888453610424,6.792404173051462
498,41.229784320828436,24.73930342149471,0.0,6.803963768243397
499,41.32566257652376,23.110282897310054,11.029525504790465,6.7337069888740215
500,42.27968393331091,22.508141915375028,0.0,6.896282897920197
501,39.62388106021447,21.511339509127698,11.441148834282881,6.685373360866044
502,24.125516069866386,20.80062319571991,0.0,6.675924933192647
503,36.026750351595815,20.72549726105655,0.0,6.50004703081732
504,34.37758202311002,19.937987218637417,31.364795178393024,6.855583356571017
505,32.683585802471356,20.354478286185145,5.884482580269874,6.6726102458696985
506,30.158792218884212,19.846876519260668,34.1002829441406,6.664642784441626
507,75.58252716782158,21.54098984341797,0.0,6.7255521554877875
508,75.08537411566566,22.71722448888997,0.0,6.70529172216137
509,74.02463688884342,23.585289533155766,0.0,6.734923419126507
510,73.14708049966937,24.58464182317749,0.0,6.875130461506181
511,72.58763565691729,24.228808873248735,59.863478464127034,6.456475480769512
512,70.34898030433473,26.695062128660414,215.3422330135042,6.695289835755789
513,68.35926105956715,26.83909334996313,352.84473803614384,6.698754891877942
514,66.84104181095805,28.62639903698938,400.0418408504595,6.798323804317414
515,66.50089637348049,27.040007292403345,483.6436750188339,6.7205283991188445
516,64.48116514181112,27.517602431470372,478.29698946884406,6.601689918310183
517,60.48939510709916,28.29736176487029,501.90870205969736,6.644722807664554
518,59.400904291496374,27.26752879937137,422.66289353598665,6.74008472480678
519,59.02475806139489,26.843049493032613,358.27888548608666,6.4439072764543
520,58.06197709290221,25.756568070138655,241.52087604883957,6.758661728372763
521,55.76417810604661,26.31539192341027,70.11033838025159,6.74382160021437
522,54.82241878068742,23.272442609887698,0.0,6.665328392199108
523,53.958603328705294,24.367826977273435,0.0,6.751735115857363
524,52.47305727553539,21.76060558831192,48.53432972691045,6.752694360950941
525,51.20333031269792,20.704623467891967,0.0,6.616920526420814
526,50.47715490395706,22.21404442223476,0.0,6.475148255690972
527,50.331180934938715,20.987863594985132,0.008909883750902332,6.545078947281472
528,49.430216628309495,20.823391223007256,0.0,6.718679970506102
529,47.50057396721774,19.58871551802793,8.66979434897045,6.611669404087722
530,47.48321277060236,20.43217704027331,0.7647598992005668,6.534566541381674
531,46.12524649988699,20.6435544276259,40.57257848539746,6.823414694450269
532,44.8356522301057,23.4908714987331,7.442109452137258,6.755096614617851
533,40.520681798052294,22.89920325348659,0.0,6.880016187524884
534,38.540504885090996,24.03315545168471,24.748762693682785,6.6535213125272845
535,36.32753341933048,25.871808206845223,105.14428494170546,6.713709667939592
536,34.71961539211505,26.253002065200572,249.30685226311988,6.649369217436955
537,32.10600253915567,26.361428102984853,313.26943600993997,6.531888460275187
538,30.49785252844106,25.783623880835492,443.7656049312596,6.861382516091146
539,65.90728161776026,27.037529880193414,477.0689847928602,6.707614953310164
540,64.46412883059983,29.294382524180186,527.9319378316253,6.758155269350273
541,62.86262439324006,29.07604573269607,489.2940713910005,6.6050669619168705
542,60.453288244979355,27.971141767965165,428.8416852590677,6.694252623387907
543,58.99006560559432,27.161449174877493,372.35456076018255,6.836982689405885
544,51.776590841250936,26.97191878808126,223.45730436251557,6.5623430628553505
545,56.68382491636138,24.59758018091263,73.4283260828989,6.614226082162374
546,56.64670695325641,23.958581450751172,0.0,6.712122898869182
547,54.665033533823056,24.264126069880326,10.215841770551894,6.832067181412586
548,54.0214704028267,21.20513443873188,1.9662038447620516,6.7020581505887264
549,51.047107738236825,20.539492112809523,11.944564365067695,6.594595750630795
550,48.1535333401122,21.114173336610893,20.890279724869213,6.77285892245279
551,45.58377686622312,20.6858930598885,5.208845266671119,6.643736488394571
552,43.789668704709705,20.104909306943973,0.0,6.774786994606873
553,42.43527714055166,20.08355752299388,13.58285550876391,6.679556480162812
554,41.37442444897106,20.460109976356783,0.0,6.793157329659719
555,40.79052798632613,21.819567311480643,0.0,6.686512283260692
556,41.42137338760492,21.67996449240238,0.0,6.792665971097319
557,40.58264696938092,24.185889876234196,7.736170413784053,6.846719591123912
558,40.266685103656485,24.422478115116302,32.67896367047296,6.926375005483186
559,37.85617303232108,26.444026268491722,81.77213468000753,6.899686067062969
560,37.62589241629269,26.28534655728164,223.29840096550583,6.783059707958188
561,36.943289077023906,27.69463171215334,327.8207306356675,6.730627663616265
562,37.02498991715876,28.55901752098085,437.61278818849945,6.696557420031702
563,38.379266107111576,28.024679243650503,501.4898332396658,6.876779049965301
564,37.73384223698015,27.340440112703316,475.8799959785506,6.760621132429803
565,38.472148596334804,27.596945987922656,474.55781690806964,6.75688248024035
566,38.276869559541474,28.68681476044744,443.37731652793036,6.775773912721118
567,36.565714040124234,27.43295813737695,289.0766481948225,6.680209045013219
568,33.59561085701919,26.589057928031362,230.4502294147388,6.807635112705367
569,31.525235957467665,25.07262541217268,96.66175668667974,6.661602802962441
570,31.74164302616826,24.36703274832147,6.638851133337278,6.811703398490243
571,31.443600329466914,22.479290612877875,17.907108615251992,6.640012612601756
572,65.75418836558647,22.814294611105918,0.0,6.770370849558532
573,63.718417652317925,20.941889265066592,6.861340178518704,6.752815953101377
574,61.54582805754084,20.096655108646008,0.0,6.529967744237946
575,58.380897537300456,19.92406354678807,0.0,6.842029346973468
576,56.636993983420126,19.947897422178976,0.0,6.5674094479332314
577,54.57291553486224,20.631383370607434,17.62366686084013,6.677314460931594
578,53.549278157040376,20.086589953941775,11.462556264824002,6.508639468611125
579,52.068413723292124,20.550592958424392,0.0,6.72510844547931
580,50.40505844415046,20.80843740965902,0.0,6.622976720803127
581,47.814269625942835,21.336593162148652,10.836841786726348,6.919882592334207
582,46.79209489411228,24.5244209942862,7.87594596432503,6.4916227381217455
583,43.562732993210815,24.865203217969167,134.9836583098026,6.713974147465199
584,43.66792016694852,26.179831268939356,248.48227018805193,6.678962605199052
585,41.748359581549465,25.486427583389883,331.0877215011254,6.764336847828773
586,42.997620429990654,28.994303223859585,471.41579149184537,6.703858022395212
587,39.40581752074976,28.784171241244188,463.5681229520076,6.771194038627571
588,37.21412442845595,27.559624531592423,487.84249478648366,6.658248723265341
589,35.879729024442724,27.940464726673778,482.76450438072203,6.776353824205627
590,36.36967866001052,27.28297899995922,412.68180900793055,6.695280492621588
591,35.38340949696196,27.432514069129684,351.31892618904334,6.605602983598664
592,34.8091331500813,25.983187699521075,212.6815686779456,6.616541736969204
593,34.36377084684496,25.564884222567994,128.01011139027432,6.805610359542214
594,30.876880143613086,23.761740291906424,0.0,6.6137814376053985
595,64.4770791360129,22.65993465084699,5.8438545665274635,6.700463965434453
596,65.0246194378619,22.064819598008448,0.0,6.577270442904332
597,63.07713975309573,22.51167757425275,0.0,6.768902125812129
598,61.52134353691659,19.877330003785687,48.200972988142674,6.749522442436626
599,60.23853904386879,23.50672133642497,0.0,6.929907045614551
600,56.56776410584983,20.056935438540233,4.983573434277947,6.62259414486918
601,54.93107111978726,19.53037455296837,0.0,6.880671238959202
602,53.62016450424184,20.47703757484338,15.081663405809442,6.59562043438786
603,51.93054990383359,22.004630048417066,1.961350790778891,6.885317946759255
604,49.35698342253648,21.334378703094444,10.108085468619944,6.753314762576975
605,50.132129402696215,24.051216897439026,17.38309184993793,6.675148589812829
606,48.59314562335113,24.72485401034698,0.0,6.612094869136223
607,47.68836938985163,26.5115460503678,91.508279094897,6.702267494292451
608,45.37279937114391,25.29703073221502,222.01262648680694,6.59124996381975
609,43.84731113047131,26.20840734225059,343.81318876271115,6.370877016427606
610,45.24208584210383,27.464416957066206,444.09914973588695,6.827734154788624
611,42.60991668188112,29.559727192845653,500.2048787144098,6.70142669846942
612,40.411049273263714,28.77327471689505,477.9117744497683,6.840689787965822
613,38.747544223897556,27.316590520305006,506.0227087711086,6.698750804891313
614,38.07885186585188,29.13236911476554,426.3508791337897,6.507737535932311
615,35.27694333552009,28.71638125348777,360.33625421352747,6.742503787888271
616,35.086808773420486,27.299298466808345,269.56967649828414,6.827000051535027
617,31.22288009004569,24.565372473543444,101.1337129423669,6.741018017848892
618,73.7793983388076,24.77982798567092,1.4407372256748952,6.704348256547555
619,70.24745122453194,23.728652730997858,0.0,6.783891999575852
620,68.53410203004945,23.808283455229084,11.131062490675163,6.569555544643706
621,65.19201816685558,22.292629708175458,8.59126000406959,6.78181996682376
622,62.27460140680759,19.716337166128785,0.0,6.854418795058011
623,61.14179701119217,19.75333366395041,24.676344641785875,6.722053229336846
624,61.51662467514349,19.993503171151847,0.0,6.874871314192706
625,60.658590474690534,20.35088624265509,6.7214233585133805,6.971264170118773
626,56.83340677765355,20.373331915815335,9.070174251089348,6.618527941971455
627,56.93618409689213,21.93487358844673,0.0,6.651615956622
628,56.728813318201794,22.489610629594914,0.0,6.7633091945969115
629,52.880857655417806,24.243825461546397,8.066007804905631,6.78771729987219
630,49.70065199461738,23.79647945887813,0.0,6.642352803547085
631,49.7936605480364,26.42858633674835,102.80455227387267,6.654877077705255
632,49.15646982087578,26.097743937314156,231.34461306363588,6.6728833725882115
633,48.33834782547715,28.00698518368536,343.52321267918984,6.547241021014084
634,46.930881134530466,28.38231208005141,402.7524884476289,6.940704985057569
635,47.61582976377099,28.50848956989301,514.2274883236969,6.676088872422206
636,46.10729328786931,28.165209366360607,524.0106331694775,6.753246410463782
637,45.66841264881928,28.057021791090722,494.79341255997053,6.6796114204620505
638,41.94626572496164,27.94300422516205,391.77951387081976,6.827568701540117
639,42.90830269856808,26.638737615904848,369.398567712151,6.594945229255041
640,40.98636595067678,26.827918089056272,219.07449888188788,6.839069905164502
641,39.08608860921374,25.130205510741927,131.7623847832512,6.866932007270066
642,36.58985366215646,24.82194450976071,9.012068257250776,6.512025265338156
643,34.895833328267734,23.057960908976245,29.922044668511198,6.679284593795653
644,32.78515279367616,21.759399060693475,20.97414252833127,6.935052079652611
645,31.341135363181294,21.12978800759893,0.0,6.723656646820975
646,28.202637857741163,21.95457250556455,1.453610486586827,6.687024048734555
647,76.70349838717335,20.470272439680308,0.0,6.915795813376405
648,72.65434626576437,20.699813135302144,0.0,6.8548364323002415
649,71.78537924633508,18.86156574168737,0.0,6.670366619618409
650,69.27756248025892,21.48698185901252,12.713231935019211,6.676855202302706
651,67.22828593378694,20.881310076526486,16.83967390904254,6.6984002342587905
652,67.14088746219461,21.807023631585864,0.0,6.663806905756523
653,64.56410643556617,22.086754150346003,0.0,6.755834114932441
654,63.80784186499489,24.998506131823767,0.0,6.722344919258738
655,61.300797421821414,24.06086411813355,100.71290839281913,6.7616715171029
656,62.3405455341859,25.739450951284702,245.45053364773577,6.606168239154048
657,60.02609134594547,26.653529917988607,314.97155249285095,6.682536840686208
658,59.03905147527291,28.669549834528997,421.13529191825245,6.884587439603498
659,57.11523215548132,29.35521421151235,457.8954137036014,6.8499488210391775
660,56.94402503493522,29.31939762102975,521.0558311380543,6.769554896661401
661,58.53467981283845,27.79664094673416,451.13038168148046,6.517103894243553
662,58.711865750296056,28.05892323762049,447.2060710654107,6.807844500464966
663,56.10165726225349,26.71388199710421,328.85406739974815,6.842328115735998
664,53.71925536086999,27.142829794842555,252.9791933621687,6.94531815700202
665,53.07822161341735,26.887766290551774,75.37891837045282,6.679771321960966
666,52.23061500299685,23.59723839035466,12.372602402194836,6.584752693383592
667,50.87462231083581,22.60147612999416,0.0,6.8926593669480845
668,49.24956294735075,22.853839044584465,0.0,6.7399957453811545
669,47.06662158092362,23.127759128090435,0.0,6.765442676859014
670,46.17443586564097,21.02466519669359,32.443862030988576,6.97684214410822
671,42.77178251273782,21.41033050187567,0.0,6.8353355168928855
672,40.60263527500587,21.31643018120053,38.031185102273405,6.7780895966338575
673,39.48871054393511,21.469904072578572,7.352396804194218,6.766482002142306
674,39.11689731555177,20.112861137286785,24.25216474840913,6.95689109871378
675,37.2118679337079,22.59689106913289,13.308336473835574,6.981657364142162
676,35.08836348443991,22.716819400963516,30.70297440015097,6.669876650598703
677,32.253049502951356,24.536190778139442,23.403974183932075,6.764826851436248
678,31.033980831983325,26.699896409216542,1.9827667883624915,6.647705838241952
679,68.27100131567789,25.046306147157033,105.118997097358,6.6744225433844475
680,73.22660322105108,24.496865792437063,262.12405983364283,6.789274089498718
681,71.05301542097092,26.00945764586146,369.43522804042993,6.885733661143829
682,70.28099155093467,27.200873871573762,433.4550787648471,6.625620949729679
683,69.89175456836674,29.00659868817421,481.95264067126203,6.878712124315871
684,66.79720659042628,28.846691847930973,541.7209409907423,6.6269401325842106
685,64.62200007343695,28.158693772975408,533.0487501604862,6.6716479134624
686,63.407708519176715,27.22795970101408,398.1433687556853,6.779668389513054
687,64.20741667382336,27.29996488314964,328.56191904443983,6.61918417691459
688,64.57885796405292,26.94636969438033,264.57664501479513,6.587655941948299
689,63.93792687389161,24.78619807425411,70.2683698413409,6.845782238439994
690,60.81267679659818,25.471113175840447,0.0,6.944127498339191
691,56.39767232519339,22.509084259767008,4.3605018426513,6.631253562236775
692,53.721912460769936,22.35460758941102,1.571540594382996,6.493263180436735
693,50.2496559877096,21.1098871595434,0.0,6.719986049585443
694,46.23705666855666,19.93865310003754,0.0,6.983102368269701
695,44.86620864549496,21.032099803827506,48.89165505165012,6.683637391234993
696,41.348934235642304,19.72492141576017,0.0,6.638669893457704
697,39.345271414069195,21.22159443650882,1.6158325944395866,6.672687809573166
698,38.08608457156457,21.901631683987308,22.118008487146177,6.686740730279938
699,36.78645081135084,21.08234968326901,0.0,6.850884748552614
700,35.542092412757825,22.48361180500861,39.45084353579616,6.5880958757590475
701,36.08832722373791,23.762585695827575,0.0,6.65466193597265
702,35.121930814768156,24.999952574228193,3.9096346310658165,6.742553004698211
703,45.0009675612479,24.92859618938637,110.88368169390274,6.695281701457775
704,34.243151707901625,26.64508661139885,233.67726783326748,7.000037892333275
705,31.763650506943648,28.0479979956934,342.7663202087363,6.626026989357267
706,29.530764272082664,27.89062556486235,446.3862103957808,6.779350729729325
707,67.51616634460775,28.346070757447116,490.5883203547518,6.804599119553484
708,67.3803229700589,28.09668033795948,525.3834531291676,6.779968425687522
709,66.38242679269942,29.48482819858775,492.5164599025108,6.742664599273779
710,63.320236648678595,28.412507103669483,451.6300754080431,6.9866528692387355
711,62.47305600846405,26.881273361208816,349.08486552100385,6.945049660212159
712,60.68991737982496,26.732126588322274,213.80024911293097,6.729194399911899
713,59.09539181942829,24.575312171300645,110.35815318882305,6.68714151242525
714,54.829623455285216,24.273191216531774,0.0,6.777107774839401
715,55.45765481612061,25.026699063877683,3.133874564930492,6.877238106149169
716,56.03031331530885,23.0212619437634,0.0,6.852930454971135
717,55.02800881002616,21.65101436543072,1.0451698099496642,6.627141820879335
718,54.31598422714447,21.18485928299448,0.0,6.6329416260264855
719,54.23461447518596,21.789520501123278,0.0,6.442037978307652
720,53.06855044140468,21.00401295361995,0.0,6.895922996401917
721,51.40435310488014,20.56360748271669,9.923983747266327,6.695569615627213
722,48.10649658300229,23.25000402854769,0.0,6.6023457238319985
723,46.421852859146924,21.81060740811199,0.0,6.59511175538924
724,44.41333737782403,23.460397602915975,0.0,6.9517064232787655
725,43.44102973955245,23.94314457696453,0.0,6.810734893678654
726,39.48999611078214,25.481332698778957,3.1451687357059663,6.760552983809946
727,37.368937570098865,26.936685483684155,103.27941030575099,6.618942025406255
728,32.613396306019226,26.180955337898315,262.42711096234103,6.55190233821281
729,30.998566722502787,26.435261174078192,389.07176332224,6.951140708145235
730,76.07523567477865,27.933889761655205,436.60920992756377,6.933927793711092
731,75.69965043252918,29.88470361774019,495.3194540455555,6.859175550300018
732,72.83362462666943,28.569415748388145,489.3709089728157,6.571664490091477
733,69.09757542082826,28.55742505618838,482.1457813335561,6.732461063349253
734,68.7234757566433,28.160640387816013,427.72962278493753,6.603901657521833
735,68.83688433041686,29.12295783244391,358.74327294403633,6.458507420967158
736,76.79515002225388,27.457530621525766,244.05990577319915,6.868289727706689
737,67.33424874154672,25.282355655724764,117.8019203195263,6.859004605382119
738,65.31896065987851,24.08745003013052,0.0,6.631859429307425
739,61.985636084193196,25.052997224829042,0.0,6.783809403275942
740,61.16579469961648,21.56327011119004,0.0,6.6496323831253425
741,61.48972382128654,22.715701668255825,0.0,6.879737905056682
742,61.52329494231054,22.051127292536144,0.0,6.880663621512111
743,59.335629016563594,21.095086006367055,0.0,6.715911660400112
744,59.96446942233041,20.649389033742768,15.642600030629183,6.669976352057572
745,57.28436711212451,19.43099418101176,11.194009448228444,6.787388931987353
746,56.95173136675092,21.772451199806493,0.0,6.730785666106222
747,55.98299665839958,23.118414326551402,0.4440786908527317,6.589573285219479
748,57.0856893946118,21.89052860476159,0.0,6.856567851646421
749,54.79934501194447,23.10294502560898,2.1881519804011687,6.7739753990414835
750,54.06092168936685,24.862297495613102,0.0,6.809291611689952
751,50.3035460063261,24.75853617887303,116.32779951040064,6.677442909824183
752,33.46123925305924,25.757605618447187,246.0973652968234,6.790413050960597
753,46.55859075701012,27.815839802888586,354.61517798740346,6.781896180933007
754,44.948156342779065,26.443762267017668,433.5945454446843,7.0303880025853465
755,45.1920449814051,28.020395943160572,479.70428661305533,6.8057627742271345
756,44.47492479801822,29.121180427577954,497.15706926118906,6.80552675600828
757,43.12701979876507,27.934975422032952,499.1927922931233,6.903030634751952
758,41.94661578936386,28.17124367212695,431.84869278524866,6.746855119201887
759,40.15519239753639,28.31726523728343,354.76330471133895,6.724787904042497
760,39.4202144615069,25.968414555579148,290.6279406732938,6.796657315175035
761,38.521709091054916,25.986382335964592,104.92685391068633,6.8026490347642135
762,38.17691811087514,25.49473742287936,17.443940001459556,6.727073870114385
763,36.2413414767876,22.87105248754346,1.4544925480657478,6.787359743836464
764,33.58410520072744,21.979306215539758,0.0,6.801797798040381
765,30.626396424338132,21.578046552331152,0.4779019397259914,6.733183756667837
766,68.89512018066732,20.182104661596416,0.0,6.877989705272094
767,70.93093419210858,22.631472473913394,0.0,6.75212383755392
768,67.47104533517818,22.093079207805626,27.98566682540102,6.723806341282706
769,67.03243847566772,21.688495997728307,0.0,6.491700950333485
770,69.95994909841814,22.553269786709578,17.93177308472037,6.568968240941672
771,64.9825799031359,21.770309308454287,0.0,6.750514746032241
772,62.24656106218661,22.369473408868163,9.576374964261506,6.8511872961090265
773,61.63119779706317,23.795553803260873,0.0,6.74785783443347
774,58.73612931145076,23.504672201748615,29.111616369787075,6.866533634163243
775,59.30681615411595,25.373078626267464,104.68615256844406,6.53336743679982
776,59.06221065062187,26.718792471184614,237.93162479000873,6.950143927829341
777,57.46210077397786,27.51593566048481,332.4969737748741,6.868431803771075
778,56.36212017729278,27.71033013448307,402.32634328728113,6.707581764235899
779,55.78166687708654,28.16202877334561,466.73670355677945,6.678473839792115
780,55.1823088460256,27.635747121814102,486.8198648353533,6.569901005649763
781,51.43936297871473,28.49122968982106,479.3703642015628,6.730434668307386
782,49.17698406450367,27.766491441368323,423.0534954067324,6.804274071997556
783,47.83237136484517,28.567431693496545,360.4805772279324,6.720148555703772
784,48.71363908141566,26.751291777639672,229.3955921626156,6.662731460456703
785,45.90062578691293,24.451441435704616,94.18550530935278,6.788773714706245
786,33.72577581960759,23.97799202566199,28.917293192840617,6.771596086092043
787,40.776245243132514,23.997259192803412,0.0,6.78135865909955
788,38.91920443671178,22.62068310477807,0.0,6.819091313212184
789,37.59026867363627,20.920730567573266,0.0,6.801953584199438
790,37.19049537148254,20.77987149318563,23.94372969244856,6.592510162877144
791,37.57834538134645,21.217405307940343,0.0,6.706242568290192
792,34.71961195037838,21.796783730686535,5.952098855942447,6.643939092277925
793,31.780696335363185,20.628686903463606,0.0,6.688888958224756
794,32.04080779630153,22.615656028783697,0.0,6.942656716798955
795,30.072081751150623,20.765687796561842,0.0,6.833302219009958
796,41.188139506228396,21.854910919485842,0.0,6.755907730864878
797,52.30419726130617,22.598590183055027,0.0,6.742379105853452
798,63.42025501638393,24.568148710073384,0.0,6.686648242691139
799,74.53631277146171,25.130200566954418,140.2114854649996,6.788681401985763
800,71.40325455467381,26.86684552436282,221.39427230199294,6.596832645988952
801,70.14895928433343,27.46032166578938,361.8327409901144,6.955198560501703
802,66.45264441981182,28.047713466955205,437.12031365870365,6.795127984842212
803,65.50099410013203,28.52296365764164,470.946435262924,6.4260763836597805
804,64.4506727771765,29.420325963740773,513.8571516847487,6.843972195549837
805,64.6218092140256,28.429114226602096,506.33696682355503,6.707426670646455
806,64.36476385996559,28.773177269903783,439.67312993670373,6.819620395099096
807,62.94138706680973,27.11384160785384,338.383799593036,7.00686224426994
808,62.833149816691346,25.61518436532977,255.05972270470718,6.685651220979065
809,60.593032379913495,25.031381178969575,117.81362261366122,6.973839856801635
810,59.428872256909195,25.1792920749714,18.991891427289765,6.766933815540081
811,56.7822459294469,24.383705931200332,0.0,6.756476613009779
812,56.88743564193231,23.110623272181286,0.0,6.794734163662104
813,57.03615794038907,22.43892325771961,0.0,6.877772871060888
814,55.03867327944844,20.658479758785056,7.583062374522482,6.921690298370875
815,55.16381082055785,20.807128257225173,17.068429029842303,6.7297372294451385
816,54.90320538692568,21.124100561948822,0.0,6.624671468023662
817,54.281981024309374,22.388328824913394,0.0,6.840621523297927
818,53.116352941910165,21.12584841094521,22.336675510599086,6.800525096739322
819,52.22242322021867,21.88598263505603,6.664800730448576,6.79853652003992
820,50.05944584335837,23.07204406589598,6.222199822863904,6.551397241318497
821,47.2019394656454,24.02358434054295,29.160505511286495,6.598611257880916
822,45.664959566360736,24.934813480655635,10.124819786118522,6.951831840297053
823,45.97402719201887,27.02326581724577,116.6392290656213,7.078352560586249
824,44.831097683012075,25.11587260114917,255.47176450660157,6.712371120590023
825,43.65590848045099,26.94919134602534,334.91983375528196,7.010050296063982
826,40.15321819664885,28.846532742443962,390.09397575280104,6.781570066112015
827,38.43296931491442,28.208366066665782,494.4814479898331,6.750278617121696
828,39.59061946915264,29.070069876848997,482.7301279007013,6.7744107376973455
829,40.49258519884043,28.946928543850618,480.54480877200984,6.586678745063274
830,38.591677197548584,28.752314639695104,431.8482537314648,6.609487589907282
831,37.01103502959589,27.070626240175972,373.6765472019532,6.752645721011408
832,35.27491389036567,26.711078568477102,287.8075131406281,6.607313239943966
833,32.30748883214356,24.919105153805646,116.10011839561118,6.680230608922724
834,33.30634096401162,25.423254330594858,17.24447023773954,6.608207909674919
835,33.90473266418303,23.65581111458129,0.0,6.639571238809086
836,31.968402174367,22.230443129640037,4.095177648035683,6.87006054990771
837,29.588254158853093,20.969013843947703,3.851204690652519,6.915526309744312
838,68.13774809650562,20.01114767777031,4.70635922878199,6.713342785138182
839,64.99503366240783,21.082937675604448,29.243918774352736,6.831991448111779
840,64.10205329122793,21.4913331644256,5.005906203660848,6.8790017144248035
841,61.95447172869377,20.449070337293616,3.7865661458474826,6.8175770990413875
842,59.24565611304579,20.894220398080986,0.0,6.976286738833691
843,57.639576193831644,22.08116310325395,0.0,6.541012962946372
844,56.31398126537271,22.529771843463998,0.0,6.9584750120376295
845,56.408883135032816,23.604346505245157,17.191697446871125,6.791483964322821
846,54.927535872099305,24.94850339243873,3.3407400145271025,6.831995201923843
847,53.55527437864142,26.031600821667176,147.67444578803475,6.6580731571844405
848,52.61613244041599,27.46804068464786,242.15083147487562,6.706922616103907
849,53.098101362839635,28.35645793797175,349.47002220988537,6.81108260125732
850,52.60172404374933,28.133670813190957,418.152703379554,6.650584010529756
851,52.764840384217464,27.458412039719295,515.2100634982838,6.737186716161536
852,51.51654132826915,28.562630196336773,474.5715844574973,6.770100628305625
853,49.561608966233315,28.572932394882894,501.7730531654859,6.806820188403848
854,50.60073569003963,29.083196849569735,465.6261711711379,6.700201837694825
855,49.01618439919337,27.64933533601872,372.13011696102853,6.934534876868412
856,48.35496103964389,26.785183133924384,246.7138025824266,6.456318670136163
857,47.20570840748001,27.16504182858456,130.6055997524344,6.819306128956346
858,43.028641651875915,24.40711903785601,0.0,6.777765170256015
859,42.757180432431085,23.610096821990677,10.530733673446143,6.724618501492637
860,39.05361384115969,22.90893479473357,22.923565214097206,6.77014941262929
861,37.53087879680588,21.793544015599895,19.727530118118743,6.696470998964702
862,35.448089439926584,20.964837067796772,9.195611681006262,6.760929342560107
863,34.22531111093718,21.20095941535044,36.26815397030846,6.740762322848865
864,31.078274333242998,21.639025135089817,0.0,6.652363954378746
865,71.23337778113016,21.738669537113577,0.0,7.101840341444214
866,71.28308766383448,20.13654950846323,0.0,6.853858483634851
867,68.17241785476884,22.508416299901274,0.0,6.596727585447044
868,66.30650871275878,22.352117327939055,9.881278379510393,6.442761755340019
869,64.4990360946208,23.611428800584136,0.0,6.836924837349584
870,63.06860114268319,25.299838687454827,37.1329487312391,6.727505038357329
871,63.77480948121575,27.71284517447763,100.68232136181888,6.745068964443086
872,61.795189253017455,27.7959797007242,218.79339298069198,6.847705211631996
873,70.9831120926637,29.227148973438922,376.9948120343625,6.712118800306321
874,57.64279494465601,27.37370343241699,460.6338753957103,6.743640680213605
875,56.68830561497242,29.809864046014322,504.1481468844746,6.71969998413983
876,55.63261105135681,27.618674966531163,503.2858953074114,7.048863731946882
877,54.38424679682767,29.094024747237608,503.8234845249173,6.809172305489208
878,51.88124530557176,29.456867821020772,430.09800692836313,6.678784613503921
879,50.15067434944506,28.118615561277785,336.25507526145583,6.635765273216414
880,48.204216088160514,27.248017712352894,252.07939191188714,6.545853141234337
881,47.70638833534785,25.168402343164143,92.73372880482981,6.638787659197978
882,44.10147010895293,24.772144973924235,0.0,6.669326407970308
883,40.54647461430469,22.118946954615513,5.793073964195158,6.7908215282746935
884,40.8478103345424,23.631650797697517,0.0,6.80970526943887
885,39.4096603829604,21.49851251270281,0.0,6.867308201628945
886,35.81884597599987,21.22229336531538,24.1321630972783,6.602056812097788
887,33.90641198738917,20.44506948878918,0.0,6.703748967576501
888,31.444092568153543,21.446527421244802,0.0,6.596633852642116
889,78.56396537774536,21.605646184666558,0.0,6.732628779407622
890,79.28333196306744,21.445849677692216,2.0337079089459538,6.801056967784623
891,76.6987259708561,22.95768515767162,3.0898733119050226,6.747992197996115
892,73.82152191742469,22.150871874549882,20.93349654561875,6.87960412834111
893,71.94196643203851,24.568935369270147,33.98871966017419,6.7401631055485
894,71.6111673168115,26.167058090596747,8.442171869798115,6.975204329167099
895,68.00548449009067,25.665180874431012,144.1202968362536,6.81140623708626
896,66.91142906403826,28.70637954428078,207.72898315778716,6.778435228077186
897,63.44984814329771,27.750206987162464,346.7628965710324,6.587631240624107
898,61.76634915341651,28.60221341022925,445.1481756420842,6.858191983947763
899,60.41391589582293,28.08779859262342,488.2740702210277,6.931836186880553
900,60.900315532727376,26.889910585470904,501.93352242280463,6.74950660866723
901,57.91191284609565,28.310654953917854,460.89963090383276,6.804619110528571
902,55.68147745558315,28.6986881186053,433.7351208753497,6.91484901815027
903,54.67510018911919,27.09101290016675,354.8868918439121,6.809521287481819
904,52.6363435996988,26.39032038611714,258.5656517793735,6.770446730460165
905,51.72175264325241,26.575001470333227,131.7834637081516,6.724451448995468
906,48.915051217523676,25.861437307171904,6.417530223691543,6.768631192426775
907,49.381545202927256,24.602739718716933,9.746104740899897,6.917010092606912
908,48.22748317467909,22.186368537381696,0.0,6.779780882484098
909,47.64182120895203,22.756293296821756,0.0,6.781049428219211
910,47.26152276963705,21.374776046309535,0.0,6.913288198718381
911,45.41012153620441,19.245403574617818,27.394022153083696,6.6580519589273255
912,42.62589448824051,21.647365772997443,0.0,6.746144846756325
913,41.162264092615025,20.66092180102618,0.0,6.523432555587863
914,41.46483854705844,21.870230533122697,0.0,6.609533905890767
915,39.249512894648284,22.482574480572907,0.0,6.817867084452522
916,38.072256740051415,23.854045898217326,11.935172926036987,6.548250240521338
917,37.739526344504725,25.072979324374693,0.0,6.7313800180856935
918,36.86728210472958,24.410179554106804,1.9147166773312656,6.719889731127207
919,33.69534733981039,24.879660675415828,95.23115804874573,6.870534938053815
920,33.75990471313303,28.029759982528876,278.8880844842046,6.853534284989013
921,31.453608108874167,26.814181650179098,369.17072708690665,6.841210408151527
922,74.81302934219151,29.402042281848594,458.2596740356303,6.856395160163641
923,73.93436006553087,29.13451066751178,500.7662989503463,6.626885146836316
924,73.78139271500459,29.139529808263777,483.09692083147684,6.85749539585173
925,71.27821411165307,28.76521168141691,473.5772953624381,6.7462771544808575
926,70.62481797840428,28.37604934495327,440.2683820470519,6.676180443280973
927,70.11159780865931,27.032941984816762,381.5066062416494,6.85580237198848
928,66.33662981565305,25.955535657954158,228.5649790123977,6.628787675149912
929,65.23625622419232,25.796213778989387,136.20449959699317,6.755772116699575
930,65.14065337116223,25.12338077336602,13.155263523007473,6.7827448435337265
931,62.4149637594642,23.403071348910025,0.0,6.757909947212388
932,61.22882074888693,22.18063844339078,0.0,6.832375188470415
933,58.900164877361526,22.515776604362276,26.93286862868963,6.639743295660522
934,58.87158787744971,22.36222001853819,0.0,6.882751960078809
935,59.19192134378362,20.95875539606557,24.353962883828302,6.8216406902673095
936,57.8029700414352,20.23166376112777,14.849178271852406,6.716933775171026
937,57.02704637899331,21.14031567110543,30.470506244580783,6.629470564992854
938,53.52557181732372,20.99220704045978,7.40423779883482,6.863561980192379
939,52.26921137463451,21.91582761582452,4.65742615480502,6.879936930400728
940,51.65133500276383,22.16151742350508,0.0,6.7573883663736565
941,50.43318975946643,23.655228851905473,13.984611614402802,6.647445174716919
942,48.071353998065554,25.109884671961765,15.837186207761352,6.724967428596128
943,45.248529421177125,25.29499774384587,131.5418427075715,6.802775470619071
944,45.09209344236731,26.945762214174025,236.41241294894314,6.757542467528849
945,43.42746776229415,28.69513186118934,347.45483937275077,6.713895479546558
946,40.03745322588065,29.85497954369262,421.2055291700608,6.893238294561789
947,40.0240048386608,28.907483604287997,507.39759713334445,6.792045037513484
948,39.91475936616727,29.66957468592808,490.8068645545401,6.663863186486363
949,38.11360800046446,28.309520551288994,485.69587044547944,6.79464643104007
950,36.41111461773887,29.431563488551873,440.96902247937277,6.950667309189849
951,36.623062566356126,26.581258036696067,329.2597540982654,7.013238954379148
952,35.23569046739139,27.32584643026248,262.0677122086114,6.692777159337053
953,32.547521995816375,25.987679312433627,121.78469353935012,6.917826150240674
954,30.89972526718116,24.686723031010967,22.9205515002683,6.452943507252456
955,32.07647472930115,23.429828402347166,33.34764685877233,6.744067739323586
956,31.424355318472244,23.94365820422983,0.0,6.70548801232529
957,75.59516908217454,21.674571665884613,7.72765307696122,6.893975986805732
958,72.52114801367142,21.422982327536783,0.0,6.951222037601455
959,68.1055672439153,18.80487875705783,16.279617203954825,6.808878374268738
960,68.44287662095384,20.641837727510072,0.0,7.112023356698135
961,65.472041643675,20.907214088395975,0.0,6.870635962375231
962,66.18797836568068,21.93571031496762,0.0,6.810387942146526
963,65.23229324125084,21.484172112578797,29.639215368730717,6.761456161230234
964,63.77955335779964,22.02769272097839,3.952986057990136,6.843525346353948
965,61.44944119925404,23.947599937852935,13.046123032204608,6.599682112653614
966,59.00843272569671,25.539704140763376,18.625391919911483,6.883271514644346
967,58.434052881762355,26.19075275803719,123.17798000541787,6.726271976743481
968,58.4131601905699,27.858599076506607,235.36119076362084,6.706175998064593
969,55.54329359970254,27.3965225122144,351.1935054704987,6.824613333222946
970,53.984167175825206,28.63519408684154,441.34949136840686,6.734414855510581
971,52.59619531718007,28.44282188082457,463.01948485080504,6.622017694174196
972,50.39439422400528,29.949073038912758,497.538968180202,6.866031779417859
973,49.8145140663778,28.787132248201264,470.7097895789292,6.866545962781794
974,47.49248405156516,29.033921385822357,435.2082913242317,6.65412900496625
975,46.868925360201004,27.872289710345527,372.99094996036183,6.857601699070637
976,43.61338703324665,28.644303026625227,233.05036365172094,6.795213649945012
977,43.903268597902944,26.00517469609611,104.02473047331273,6.789456707408289
978,42.48700921473292,24.859616281664692,0.0,6.838369058240332
979,39.58314539572199,23.946353555609058,0.0,6.879621699734629
980,34.0991086261293,23.057345617399996,0.0,6.841297986431259
981,31.600896855659553,22.20424676876508,22.078670934038144,6.764688626993474
982,66.20546513862067,21.16481344829537,0.0,6.830838900588721
983,66.07880381336105,20.618737801278257,13.222050714699382,6.6436702519214
984,65.80231830124738,21.278165863829425,0.0,6.82702620337424
985,65.08544308337883,20.434315781879196,0.0,6.8289359397619585
986,64.4527805147543,21.522207581245375,0.0,6.890995999780453
987,58.70492399979467,21.488035406610145,24.17364021670606,6.7930286468547525
988,54.87778819664127,22.188004569531426,55.104354874398034,6.760407146924015
989,53.711514413974,25.099253208878004,0.0,6.759940329182016
990,52.487331218882005,25.18221882354122,0.0,6.645399680468787
991,51.25658329032582,25.897015712662245,171.3732138042135,7.017098569883709
992,50.637136911475984,26.92488791416548,221.35398311459767,6.712131107741582
993,51.44404242177091,27.593190074054657,366.3469808193282,6.685443736879938
994,52.33142907089867,28.099358019235623,447.92964959834944,6.567393212151975
995,50.85930800491898,29.166367097009683,476.0762956500257,6.901143588052744
996,49.94521527262379,28.747198235587483,496.83389043980674,6.775017953443366
997,49.36983766951661,28.675427716566862,448.751069771602,6.836976590673536
998,48.76948620492882,27.48583667967458,444.55700027478224,6.871449074786815
999,46.38522861573502,27.427503769207267,336.4075709164172,6.623182357848925
1000,43.71000418441701,27.031360158228786,262.97474813566737,6.780082590301256
1001,41.00516917926374,27.128908652198135,112.1349106438068,6.7626440642409875
1002,39.432155296196576,25.35429296896825,0.0,7.102961585668598
1003,38.014366455274335,24.428936900353012,0.0,6.8039115911269645
1004,38.18377345755879,23.729854683402007,2.6138004892876463,6.780097330218437
1005,29.54686267876708,21.47924393427356,0.0,6.7118168111033265
1006,34.78454411720704,21.47763810465308,2.938705967733756,6.7344246322200725
1007,33.972662253631725,22.11276471585329,51.88620369548222,6.9335851022005475
1008,32.23807843453949,20.171981904738885,0.0,6.850222571501593
1009,31.99943814376215,21.610955457861166,0.0,6.74863184920586
1010,32.217222425152165,22.618595579136223,0.0,6.855400441893524
1011,30.615424625667206,22.555111915166506,4.020299614173069,6.747630833447357
1012,77.96862789348154,23.187038893543633,0.0,6.595889718618198
1013,75.83009472961555,23.94041365877443,0.0,6.663950877914098
1014,73.58428737569878,25.285872300171405,0.0,6.6242905958206375
1015,73.37601703294983,26.76143841959036,118.9010610449049,6.659937477492308
1016,71.37369444155499,27.226315435104677,276.2270234864198,6.575031777090628
1017,67.95378146076004,27.981110064827536,374.5526868288168,6.753280528718618
1018,67.44935245474706,28.740394771574433,434.851304157846,6.690475061964366
1019,66.46561106905229,29.978618821925963,491.8798173739557,6.738208475675656
1020,64.71148992588168,28.2975116267879,489.9576764027191,6.677486585595767
1021,65.20564915711115,27.09426591032887,513.6215806684664,6.933041474854861
1022,62.96131840538598,28.22735533418811,429.2156434093408,6.820944561334619
1023,60.99538358007014,28.795985105601957,372.95320386846515,6.630348081828521
1024,62.42201081982082,27.94303511084742,224.40418711346962,6.8927985569673895
1025,60.721723949623566,26.366443983387946,133.63581263346876,6.948732507582672
1026,57.906512346545405,25.51941216451229,21.175613469804947,6.8221323667467875
1027,56.52614534815351,24.350761800593734,0.0,6.674779146785461
1028,55.54502097257238,22.66982043714675,0.0,6.89809096836975
1029,53.51775589252844,23.050534495409906,0.0,6.972687234025624
1030,51.470673543424354,22.56643741410489,0.0,6.684126151782976
1031,51.88402847804542,21.2125220507301,7.7920904818397565,6.531906047538267
1032,49.16739526562496,20.224589159860848,2.8981593866180813,6.832984813617759
1033,47.409520297912536,21.184484687749652,3.8519383746261027,7.0863223713108265
1034,45.152118625884164,21.34889219676854,0.0,6.5107232719759
1035,45.14255957341863,24.654593186868354,16.16072378804143,6.697501343314286
1036,43.93387949041896,21.90464842724539,0.0,6.699633151239842
1037,43.61777349821567,24.34763582723686,0.0,6.782285658597406
1038,42.55791524497133,25.22055237367838,0.0,6.801893104139814
1039,38.54913958359877,27.66171065961734,132.25923333491673,6.8470468868926515
1040,35.75850397236472,26.82443455437639,200.38460761726472,6.598174201065567
1041,33.021570668370416,27.468911912016544,379.2021054869504,6.8010102949894655
1042,32.03493866206614,28.30582566312316,437.6092587053043,6.907448799055075
1043,33.220989729054615,28.30702318153311,515.4268499582076,6.845249397849015
1044,31.07487687627625,29.098922402841126,530.1602454757955,6.736816536830894
1045,79.84201736031243,27.415193058729287,469.6650632230599,6.570516536437863
1046,78.888553578472,28.737726140018893,439.7927309759695,6.766711417709751
1047,77.62596230315741,28.413555568225213,356.0298296924066,6.56098961238152
1048,75.53091938436086,26.65358011692159,243.7120288739349,6.924898630416524
1049,72.20944752898866,25.02805688219832,132.01172555323646,6.826474617438815
1050,67.27323087261735,25.224039089274452,0.0,6.772908880795832
1051,67.91466005247369,24.66904895530461,31.765883041098885,6.87742222037219
1052,66.03467028449046,23.822419269706067,6.68877029697043,6.97663784288072
1053,62.49126221879239,22.34145967173955,1.7286037817508457,6.748376757207855
1054,61.023822376459016,21.932607406260733,1.6903695163065449,6.713639054689086
1055,59.96685266962705,20.907346365399924,9.041280203032295,6.654163471419966
1056,58.541863727902026,20.721437017819554,17.78307649575612,6.665207115763022
1057,57.570953640260974,20.654060361352883,1.1520445201048304,6.719193158799669
1058,57.92081635351728,21.935418902054565,4.966502850317644,6.809191376334051
1059,56.30306665154499,22.814220424307237,1.5083548522492072,6.6768258801154365
1060,54.77404172808339,25.029677779283578,0.0,6.631308500154338
1061,51.35310134533334,22.44407787659555,14.98027910148262,6.985738159318256
1062,48.53767151813576,24.6492481278513,0.0,6.7914612337097156
1063,46.691157311980994,26.5217476212476,128.3360677235971,6.700276341039887
1064,46.058711779322124,27.076434220823625,258.6740711846617,6.901077989262737
1065,45.820514610253696,28.167482110590196,354.33747580149424,6.971727582292765
1066,45.316441461476245,29.0454270518514,419.15239435331983,6.720732535119091
1067,43.055514833287276,29.708293696706214,486.7921121368475,6.9436411633602715
1068,41.02441442530872,28.829065097202914,514.9322272920432,6.838886586120177
1069,38.20587280557475,29.197644442500504,482.17474342152485,6.589242599051042
1070,37.46735644825554,30.796812940243115,429.3164935243316,6.664195800567567
1071,39.327839968754844,28.346777520529034,335.8966959388367,6.968317160917777
1072,37.54497184933946,26.095722437211133,256.1518512678229,6.646986982274137
1073,38.20151772227907,25.234243675419485,88.13646792347215,6.9307332490480595
1074,36.74735393768994,25.010730717823495,4.3731861351459544,6.7462587862776076
1075,33.89833777489376,22.84741176731182,19.835006908931117,6.821305711880592
1076,31.525323743343503,23.169219516210138,0.0,7.007557603917805
1077,29.88684890821237,23.32080645987448,0.0,6.61712748479372
1078,75.53189810825694,21.25505929415982,5.27806234437517,6.78115131187021
1079,76.8920477409163,21.79625806202695,23.196799327766886,6.739101304227186
1080,76.33332965527481,21.048925167948568,15.200458848820677,6.752701307457824
1081,74.96557262754509,20.73068976742768,0.0,6.656125832240734
1082,72.87427468778185,21.803768940881945,0.0,6.494392146588537
1083,70.9106647002887,22.504242344282655,12.004259314885555,6.914951846625882
1084,68.56153214289712,24.333610164285655,7.971281317840145,6.695668070235576
1085,65.45455880076521,24.926785023770098,3.598287390928336,6.900539664227537
1086,66.44983228779616,24.75227215025145,0.0,6.97475941663755
1087,63.85634877481478,24.78824658439101,145.79698791404851,6.850866737893278
1088,62.468722622214344,27.652612131991994,239.0602783308912,6.7189894905247405
1089,60.18594153667152,26.921362839301107,345.30381035551505,6.711356300200452
1090,56.329595885716586,27.864838241816727,442.23731176395245,6.834663793642362
1091,56.05075184396188,28.208819283828213,504.8050488241827,6.734251363495168
1092,55.38836412144243,29.774482131021234,507.21972165074163,6.606659664419094
1093,52.51559825642375,29.422839053220905,474.76688826866354,6.894003045262884
1094,51.61443516484846,26.800394989340123,446.55687231922303,6.670453950603268
1095,51.793125784548586,28.161088428310467,329.2154563864704,6.963605181624601
1096,50.74049174627773,25.620066483246553,236.26127164111494,6.967118586594086
1097,51.16446397739899,25.89997803189583,131.00099325010385,6.891058929939633
1098,50.488078395377556,24.215624372062482,5.681131410597467,6.830908996506703
1099,49.0351088449959,23.283394080122402,0.0,6.6825510996428275
1100,49.59714518050275,21.851126789971953,0.0,6.721228404366305
1101,46.87745462330263,21.99514229192858,0.0,6.864834553284283
1102,46.66968020854555,21.610425408796367,3.503498986180058,6.684166839248053
1103,45.07353984120474,21.128950812135614,0.0,6.826136280769847
1104,41.1507161034892,20.440325160498066,0.0,6.8642543317389775
1105,40.554371821778155,22.089117980642715,0.0,6.740061826487588
1106,40.65169365007579,20.998970038365126,8.701566763717192,6.763160844595984
1107,38.193184948505774,22.511996872433418,0.0,6.732456688532664
1108,36.822019267266576,22.978306346894286,0.0,6.741380092083168
1109,33.045072378501104,23.99011996972455,12.275417115798174,6.844871951020999
1110,31.608157507828444,25.28219297540523,25.499547640416367,6.8235471443702975
1111,28.4855349548192,25.309490395116917,93.20450077301754,6.766835812025354
1112,69.76692944354959,26.256129816407906,246.1491387919458,6.620123647873039
1113,69.2182164030046,28.470004624161437,316.74965970260365,6.702051066357633
1114,66.72298947228853,28.407976990835458,441.6320424307477,6.888578304279869
1115,65.87976139943112,28.877141088437376,472.472273781868,6.864475279487464
1116,63.73299282100081,30.34579234874005,516.8459465402781,6.802600765532614
1117,61.36807799503072,28.0377619740353,461.3951094931737,6.845068074556942
1118,57.80960523097872,26.719899910439292,419.0111190355299,6.819221071310299
1119,58.0480184433213,26.645428692506037,362.65524076553965,6.7697500038714855
1120,54.21603647601431,27.24736516809552,226.1986508818597,6.752138457799566
1121,52.72711990142003,26.507431048763944,133.506429308135,6.713041492343658
1122,51.27251148468302,25.89301243646155,0.0,6.736988129496939
1123,50.60381336578199,23.346635448473084,0.0,6.674287766203339
1124,48.56085211751059,22.05488590956701,0.6780544736467502,6.65696831982479
1125,47.003257089279025,20.244754835503183,0.0,6.7492259605988165
1126,46.09224009379465,21.257953361009115,13.758659441028563,6.726259255553246
1127,41.14523675356115,20.7141024445355,0.0,6.685330713613179
1128,41.044726978117026,20.81518153374566,0.0,7.011449530245121
1129,41.522521660231774,22.040968937223607,0.0,6.741396549853765
1130,41.114785765661864,22.648179677219595,0.0,6.765967580814719
1131,37.42720379886987,21.949132070275038,0.0,6.9897485335711735
1132,36.607408006017295,23.192226300927505,0.0,6.814239467037619
1133,34.48921360232532,24.265794426734953,8.25961131050094,6.764114661186322
1134,33.46124470688835,26.302084120243983,0.0,6.796893893735462
1135,32.42159353566309,24.323297933304854,152.836353678273,6.923608086414568
1136,27.61324931852891,27.588812842207325,252.49913410346682,6.8506702611572345
1137,66.40373375724975,28.638417662784097,345.86539425784105,7.049188453731123
1138,64.61354850673196,28.572753158081593,457.1194071341247,6.529788762485248
1139,77.0729200099882,29.282961310255196,486.2572233079787,6.633427106834855
1140,62.566949462065196,29.223909791263793,487.3943439844111,6.588302592105483
1141,60.92957511594896,28.742989412713715,485.66041843027875,6.886691452299692
1142,59.02663972830656,28.99442172244158,424.55415422509896,6.812556027180327
1143,53.483341547835714,28.32234996619522,328.64934526829785,6.618924742036061
1144,56.365982435499845,26.36767415102396,237.39304400730197,6.902757489729015
1145,56.67851565002472,26.038403030691118,125.56771284379045,6.786068555233821
1146,55.84829310149136,26.287246142330734,9.228496659170375,6.955382196641751
1147,53.18951580807019,23.674467362715784,0.0,6.913564651542288
1148,50.08367388794492,24.701193031718056,0.0,6.886811537196292
1149,51.18836302022179,22.53944748855206,0.0,6.9586360417563835
1150,51.35461227565141,20.937058990359567,21.095556285533135,6.794946690787414
1151,49.88684640868581,21.749080942894466,0.0,6.796117919885565
1152,48.601524057407495,20.781842913429962,40.36154765435641,6.826021023949878
1153,47.195047122485875,20.321292574139424,0.0,6.734385720368582
1154,45.63581302929939,20.621274770672123,39.514717361452846,6.668308324217662
1155,43.128686472660185,22.16768435053593,38.0053684862193,6.921123355240751
1156,40.653188280275955,23.95714077624988,0.0,6.979051503139613
1157,40.6955414511396,25.180548689550648,0.0,6.767882363842814
1158,40.055719560776886,25.384998620326936,0.0,6.6922174303711985
1159,39.036066204865676,25.797504449139588,131.09958359387807,6.853435848811397
1160,38.50546288246047,26.72332654664597,281.9817643169307,6.724175789128811
1161,35.07837877469378,27.50912901628049,371.2729242198497,6.802880157385353
1162,33.53368872532065,28.11615546767039,450.03295430399845,6.816502769889899
1163,33.833038308150876,28.92179566142089,472.71215522866163,6.491930617083774
1164,31.824750232971713,28.036491573263486,498.30281910021296,6.819212708395763
1165,29.34374635566805,29.228589823901544,517.2500912552301,6.786653522561007
1166,73.42081639649611,28.74111853587093,418.0832272790301,6.902135501229404
1167,72.64458166394017,28.472978002820987,347.37123213997126,6.622917315031257
1168,70.695495021256,27.168851665439295,265.3136238720009,6.731211014375746
1169,66.95777003544218,25.70108909330416,160.8127860641181,6.8659403770265595
1170,67.40200625163631,25.734477704247976,0.0,6.808315058867984
1171,63.55223464241962,23.711887674068272,0.0,6.6040098451583935
1172,63.342197621601436,22.446355920520386,0.0,6.687667010429208
1173,60.50595582429964,22.682189741265752,0.0,6.7993871452314645
1174,60.047190591414136,22.09273554277479,0.0,6.958422858070551
1175,60.06076398698794,22.775883486931168,25.680820136725732,6.373693641602111
1176,59.26461642163279,22.046922302586644,7.194779502535768,6.737244353127857
1177,57.166946893700306,21.51402714449231,1.1316037861090815,6.662582967795794
1178,55.55478040264865,20.31147235645516,25.102915767498075,6.737359717810986
1179,53.564531722348946,21.53643246167629,0.0,6.8007448000219135
1180,54.08377948260267,23.3899726158861,0.0,6.707660288184389
1181,52.01493833868219,23.915250206014292,0.0,6.788082909533165
1182,50.1504377210772,23.30217025510071,19.474524617047354,6.832936154261083
1183,50.09241415657184,25.794623195642654,92.31580345578291,6.8291482547243225
1184,50.264025624884056,27.289242779432122,257.1545529193835,6.7459897480642805
1185,48.17872795323837,28.106654398959666,347.40136013991616,6.87412348080671
1186,46.195274181516744,29.81262989960902,417.45853340402147,6.724619824923289
1187,44.20720942086558,26.91045187145282,455.5463461237531,6.664303473888803
1188,42.07665593204029,29.005236902905022,520.4568294310153,6.774226878310965
1189,41.17029232460715,28.5673510343367,508.77381819921806,7.031077425542003
1190,40.712029383401415,27.640843415979408,433.2082258562859,6.62119955774142
1191,39.39670252356328,27.754644179056015,362.9056074552282,6.887668320608458
1192,38.481635911461964,26.189684167293674,248.3578671704123,6.649108264020689
1193,36.161464330665666,26.277422449943185,95.25453798673672,6.73560234336738
1194,33.67376243751419,25.653365442265958,0.5886118335510436,6.859077754134788
1195,31.805990414524498,23.786819676956313,0.0,7.0340080299600745
1196,66.82030882157771,25.23760069574013,0.0,6.819094009768648
1197,66.62486622995672,21.473503745302825,6.160198044346819,6.640739048999502
1198,62.945182363293405,21.72552560800037,16.982852118643823,6.644138127745587
1199,61.33914324412858,21.580009795407584,0.0,7.0301498919932275
1200,59.52864722425617,19.595567490538276,37.02108353699532,6.764038206645762
1201,57.258074899942194,21.005764681848547,61.96598868142515,6.76446130933989
1202,56.710546597811266,22.046623433020255,38.25453700613045,6.5345900573739835
1203,52.12597206469956,21.837188755688377,54.06055128810167,6.767762925906898
1204,51.44971563402555,23.49243901770944,0.0,6.826628314093979
1205,47.002332110078974,24.466477645513706,0.0,6.816580380130186
1206,47.886194877689796,25.433141665132958,0.0,6.761876491185218
1207,45.198876100671185,24.65012387108411,125.62353046474259,6.799567362986838
1208,41.30922733737377,27.187228749007676,255.12085718321575,6.875366474710446
1209,40.43051614830323,27.446828201947486,314.75431207911925,6.968771789310273
1210,39.988826410010574,27.534024472802823,403.54827527037213,7.019343672177895
1211,39.51799628740374,28.38197756841184,541.4222067219825,6.676119718027958
1212,37.28383072213485,29.456512229110583,481.86384547946284,6.984119076645956
1213,33.31661195942264,28.403671348612853,476.8571986246515,6.719669882605681
1214,30.233755374053022,29.186987197141566,405.17553237631523,6.77396431293666
1215,61.032612381006544,27.956914012857183,337.85084174077645,6.684202999502715
1216,63.43978590132312,27.121081265937097,256.05542415315654,6.686164915441764
1217,62.817907614400404,27.403701356058978,143.48335188835088,6.643265087707883
1218,69.77889440569271,26.068388012223078,13.445868160808043,6.615385140004102
1219,55.47930360840945,23.53327381845635,0.0,6.592748831427161
1220,53.9653068290697,23.526817736452212,0.0,6.6130079108347894
1221,53.5897850113762,23.38372051821261,20.448965457118486,6.731430516309564
1222,52.78879858753354,22.363765915158588,0.0,6.492768975805109
1223,48.800121328333965,20.550817156736255,0.0,6.663683697813287
1224,49.41015109331768,20.213342258283678,10.114708649455979,6.783040143882356
1225,47.748114699734096,21.145726139584227,0.0,6.668624323593587
1226,47.03980433830126,20.591105385819766,25.0456732391328,6.8128002253396645
1227,46.28537725916027,21.256009617046985,0.0,6.866352155474707
1228,45.899913943988295,23.067767456089292,23.619798106113443,6.841837227784602
1229,45.65311898053846,23.356644652833285,0.0,6.729114464805639
1230,46.25427817617525,25.287840191303463,24.540691940977446,6.603771807323041
1231,47.25742008783821,26.535890888904405,120.10009509939847,6.769130268107623
1232,46.315626015015276,25.69889572360282,258.1983205453581,6.893476664800623
1233,43.25039133422632,26.389128591057784,327.80364911976056,6.742239516092447
1234,42.54084821916054,28.418852639716988,418.20195122587313,6.890595612536767
1235,41.05362457855775,28.8922114518872,517.5275120213856,6.676415369208109
1236,38.72074391743544,30.618680745768067,500.69775894178815,6.628382973471893
1237,38.009999799840024,29.434295596670907,467.4469808955917,6.832569605384045
1238,37.51611630424667,28.39914882330285,446.25057736652377,6.534996611365166
1239,36.88993754611672,26.801599376435195,361.60018053467337,6.821425823075525
1240,34.04521254034311,28.23304815462386,288.16804947665884,6.840593901485927
1241,32.94286187141443,27.366642006252345,137.06922634470547,6.883892556681555
1242,29.871179356650167,25.349477216162793,17.270564850430425,6.8140205983309885
1243,75.61535014722361,22.962942056673914,0.0,6.717732580171607
1244,72.71710458718994,22.47095973593129,0.0,6.727636383527142
1245,70.95333697008839,22.4632448830078,3.992208368055656,6.924745825922718
1246,70.1301291030252,23.035629157132238,15.81442037080812,6.830116055480882
1247,69.10094875335402,21.390122051396602,49.84367997201374,6.760429708829536
1248,67.77730162350586,20.67769564182531,0.0,6.809529600350501
1249,64.58997352415108,20.5774916571756,0.0,6.740108956179722
1250,63.77378951441971,23.01725427143544,0.0,6.668241015433138
1251,63.2478989031909,22.73630501707246,19.08170204313256,6.937306343667401
1252,61.44978637934658,22.99835963990072,25.916541435453837,6.859059721241331
1253,58.43533896616851,23.186771260685447,27.543618730091225,6.91349309871105
1254,58.010882426955106,24.357342120957078,19.9178683117849,6.810241707570898
1255,59.747922189591506,26.424642683276048,127.24796634582118,6.877782356109316
1256,57.12050371588404,26.87946853326673,262.97399186203313,6.8902032165572065
1257,65.77140147454077,27.341430806442908,363.698167341004,6.610062001697256
1258,54.06257713046265,29.764543148381186,410.9188011024304,6.94736960726525
1259,51.32598483046572,29.84391637019145,513.7667280588541,6.829514707236658
1260,48.32492918533153,28.385117812259118,484.68509362587486,6.779758526426473
1261,46.697076931775044,28.74232335581303,497.7011566399309,6.802311537455432
1262,46.368795799956374,28.571312042930394,446.426223568443,6.776409912026869
1263,43.545925138427215,27.809293306518775,356.8299994691454,6.704920943848607
1264,42.397884164189676,26.030060710121077,251.34265748544152,6.703329765048966
1265,40.326740850654794,26.796446313664646,173.0179579376904,6.6877979016785805
1266,38.27859746387319,25.761906365856454,0.0,6.845479258037091
1267,36.40447476590752,23.050790778300062,16.447009417915073,6.690651075350049
1268,35.84474771784432,21.924826335135606,0.0,6.698410576756059
1269,35.59493381437141,23.28093816087203,0.0,6.616482165271933
1270,34.71010351560422,22.900070494534617,0.0,6.891258684599995
1271,34.82866359215114,20.590236694404368,0.8765759892085652,6.9057850472962965
1272,30.915124608571052,20.767035138924314,26.55230903210611,7.053480584784137
1273,72.9819693411747,21.712207022754892,0.0,6.714490013796391
1274,72.73531134080983,21.778471836034356,0.0,6.67821622138482
1275,69.64828007285695,22.142087941751086,0.0,6.895179724000667
1276,70.28622928444909,22.39437737621129,22.718956918876437,6.769898788957756
1277,69.20674648543854,22.310657623041703,0.0,6.740906463992011
1278,67.16644410235843,23.915656333083632,31.828007355256084,6.89358421114783
1279,66.14064950500148,26.761461290064034,110.7546687043349,6.77618220705401
1280,65.28318403224702,27.817481718217593,246.58655191901738,6.941807528934221
1281,65.51869077686369,28.247745165510658,350.9392754956766,6.5613727821049155
1282,62.49635064959319,27.96664366180589,426.18316453743887,6.745389183432595
1283,64.78272481817521,29.565498627928044,457.46667336639325,6.623911423733455
1284,61.79960982859182,30.377754691144037,476.75868359487436,6.978232518937924
1285,62.814630201307594,27.258300832526842,472.6652698330505,6.855656811130949
1286,60.46941580663261,27.034782610471034,432.40403728632646,6.644778637707368
1287,58.151767965754146,25.404752718818585,361.0794375608649,6.883180357858877
1288,57.38813001996086,26.621539919913737,218.52720069831778,6.835643294961265
1289,55.717389558633215,26.946610910446946,146.17356835130764,6.785817072520806
1290,53.664213064446294,24.92580618238721,0.0,6.831631509936629
1291,54.848128107155866,22.997113137858296,0.0,6.855869356397237
1292,53.226734213595606,23.28201573534918,10.748240056407614,6.865454656982837
1293,50.24008045040555,21.383309934635324,0.5451126472115873,6.661631623901332
1294,48.27418042925712,19.65544797447248,27.795282678927112,6.626953348284464
1295,45.9279701407265,20.142130121430714,6.877356262958742,6.669771176165471
1296,56.79483936810257,21.09980319979652,0.0,6.802075397636388
1297,44.63340242341929,21.276031550825486,0.0,6.8170294236559625
1298,43.35227548003821,21.98252576925981,0.0,6.6554872306429695
1299,41.740980948885685,21.659858544339457,0.0,6.835847153714923
1300,38.40292322739899,22.898562895522918,2.2691208011310477,6.807617470356877
1301,35.62303285271002,24.330662007837855,13.30543012580189,6.662789395103723
1302,36.2979496825828,24.601104006558323,0.0,6.961330861716423
1303,35.08908526052905,26.67863381011579,109.12489343578027,6.676601137930422
1304,33.495149981918516,26.38453537012651,241.82945687238615,6.612399158745555
1305,31.973062972863122,27.24102324313679,338.93498724864514,6.819583661633393
1306,27.729165118007185,29.100037408556453,415.72155481483304,6.88815401932648
1307,65.37355093427826,29.686576217428524,457.8913986154541,6.858257795536747
1308,63.57855341571196,30.089756062608274,483.64591696027856,7.049819295034893
1309,63.18573106422575,28.71072165746464,474.9256432287052,6.9420456193531415
1310,63.54480142897722,28.041814202607217,434.7087690656219,6.599626299484248
1311,63.35932181210515,26.59505673644958,342.397026535934,6.750687940830054
1312,61.27015129120731,26.46034579042307,238.22203131894778,6.896885781865885
1313,58.191428987120936,25.797512378030394,121.32953340893181,6.76550728708818
1314,57.40714849991319,25.352286303346723,0.0,6.661180392046441
1315,59.661724040841655,22.987500284483993,0.0,6.873454164288692
1316,57.70733972731431,22.57900430599485,0.0,6.549633095932037
1317,53.84418484965091,20.825397462573115,17.967191366939712,6.920290161286843
1318,52.793404859186495,20.248925722147142,0.0,6.9272282779769325
1319,50.42508110201165,20.64802288778098,0.0,6.7627738267675
1320,49.28028016674156,20.932002194110684,41.9746470810085,6.615658659217598
1321,48.3968391563065,21.013176195791786,41.15622354195524,6.609298446220426
1322,45.09708967855922,21.705910617266582,34.031321401057134,6.777549874225863
1323,41.042365142821566,21.987607430674895,0.0,6.702149654535526
1324,38.563118763404354,22.399227595411894,0.0,6.813164396124279
1325,37.40456913806115,23.1325931465144,0.0,6.842420276000379
1326,36.102101842065096,24.88541430980539,29.645989723058236,6.658010310088388
1327,35.7532422327666,25.77570616480431,86.90439782528901,6.821684293795481
1328,35.96816603468111,27.904937591898882,255.25227185145104,6.765352214386594
1329,35.731257272168975,27.46424016236655,327.98215609348034,6.683290006825211
1330,34.97705505902096,27.59472364595743,403.33879937488945,6.581706399662726
1331,32.48270265165729,26.588274608560177,452.9856054450005,6.621171413240842
1332,30.86530270573252,30.28254159317955,510.3467458936728,6.721954187401195
1333,73.443821795416,27.565811716013975,463.13140965949526,6.688086161352972
1334,70.84794996770393,27.914165837096835,386.6216596497757,6.822223967048642
1335,67.0382479957076,26.815177033606524,340.3273179638295,6.63250365112561
1336,64.43984837320542,27.615856805434884,231.4167141723656,6.796808868405127
1337,64.19894270672486,25.74293907743374,153.23002155318994,6.646120273450213
1338,62.07317293404595,24.432690721499455,10.613662460200956,6.702295447369434
1339,58.768751389815534,24.578469283233858,57.222731352673684,6.8177003187878915
1340,58.83732784324566,22.090688499532508,0.0,6.817274096584049
1341,57.57903719793948,22.593374234314886,0.0,6.872395241503508
1342,57.471842631007476,23.35372063419717,0.0,6.6130704907832945
1343,54.692283606709296,21.108405165310455,36.41743620246948,6.833663763803419
1344,51.70974250673765,21.086692057727834,19.945311353177452,6.919981961477103
1345,48.78695230493124,20.180525762721476,0.0,6.8572721307113955
1346,48.556357524073654,21.111013536073678,25.371664712949386,6.837124687132699
1347,48.33545886469481,21.396308309673408,26.108048525303325,6.588614506319563
1348,45.786315738264406,22.536740400214434,2.908544348115188,6.693709908450264
1349,44.44354984616723,25.106618820457552,0.0,6.608533359586373
1350,43.16947032410719,25.427188696985713,22.393755571067622,6.812121535841074
1351,42.44134663739351,25.82570392036611,112.6443617215539,6.802422261321071
1352,42.108827964728754,27.149585422788736,275.21760617455084,6.928797130004653
1353,41.855357625072024,28.05104606131835,367.6947241665303,6.656430161652202
1354,40.177595058849896,27.427050600137648,436.99654353187555,6.457207100991539
1355,36.940818802902854,29.898462170221364,497.3323941406771,6.729472550793286
1356,35.22525909242993,29.70701858852995,507.9479404691847,6.688460477895051
1357,33.31970541434605,28.567951239899298,479.7482259881329,6.792744636434762
1358,31.306221617417183,29.135333674215186,445.1014383721468,6.946396275480331
1359,71.24511144005112,28.78724675450247,349.688517757719,6.863022921226549
1360,70.58882064887395,27.19456349672436,218.5092336063188,6.804599262230596
1361,71.79911923722675,25.441016172640737,124.80163211689099,6.916875956704171
1362,69.38111282118619,24.009897217757022,0.0,6.7835399446492
1363,68.04538213874478,23.942306314742602,0.0,6.592941043187746
1364,66.25442418139905,24.017539400006253,10.34460100554774,6.930176825238091
1365,65.05975994249658,21.010915272561085,29.39568517574991,6.703482729622756
1366,62.19339191452609,21.00724052239739,8.029282837339897,6.603855348719512
1367,59.33788864399471,20.964607843108606,18.25240645080881,6.828761188330407
1368,58.76506382244113,20.73425140944644,19.380811032706994,6.570042515778521
1369,56.912220098216444,21.039620635770543,13.634868176302835,6.8895639835887925
1370,56.75616229384666,21.15059769077132,0.0,6.846176242978188
1371,56.14576413455231,23.80453546578159,0.0,6.7470321201938175
1372,55.414534841838226,21.442664108213755,0.0,6.518544391152473
1373,52.65231669316339,22.06574857956706,7.470673668235373,6.948715775362619
1374,51.21890366026821,23.832552755955234,0.0,6.6844323140881166
1375,49.93301368611104,25.165978192855555,104.9365573562782,6.726830247448819
1376,48.08852583439531,26.848678905577582,237.0533430140788,6.582595567746113
1377,45.94311742372169,29.006395659014007,332.4006493380758,6.693731207656762
1378,42.867674846856985,27.944831090472164,443.5449588769082,6.991302948179504
1379,41.34597248627539,28.328757911082114,467.47574977295096,6.814595569179333
1380,40.494240902345624,28.672149933785306,507.5406767565603,6.660540058130665
1381,39.10228222923273,28.84360826530096,499.1272248446792,6.698433721892248
1382,36.62024783239865,26.933787483763485,393.60691196702015,6.796193625624017
1383,34.937942584957085,26.82981325180114,324.40043869186735,6.748269056723307
1384,32.4905010450598,26.938083827472486,269.64351888357027,6.928214523534997
1385,31.666303038210668,26.3974619156831,120.75335845901346,6.666393276553429
1386,31.160579762693395,24.34876281932268,0.0,6.640682991608646
1387,57.725350285880005,23.874012254885074,0.0,6.560844557903657
1388,65.68369000862043,22.178307222496148,0.0,6.830035391782259
1389,66.23556013763984,22.661091196339175,0.0,6.91368674044794
1390,66.56222607482407,21.159051940785808,0.0,6.606101856724858
1391,67.03386227118385,18.96284654921372,0.0,6.726838078907997
1392,66.58328496859691,21.839390268526916,28.68619338704152,6.803808765096018
1393,64.13706775142235,20.511013653641967,0.0,6.88975013539323
1394,64.37683015912981,21.920147372933712,11.365467543055685,6.90000389923445
1395,64.79402115562633,21.918787054553178,0.0,6.582378434944827
1396,62.625389439673036,24.123520215058917,33.62984914836031,6.663573946472862
1397,63.431732621736174,24.048482577964894,0.0,6.815232160810486
1398,76.15036924541583,24.961916897063812,58.70812412776936,6.6462873620884615
1399,60.482961287624796,26.467457102499925,104.26167279162122,6.588844674392543
1400,58.016066508351535,25.9586310145522,223.08784134921683,6.8318244879432
1401,46.706790935573125,27.384678275020526,357.01056168371315,6.804161926731156
1402,53.29667074275273,26.25255934687479,437.67175266614805,6.828679927557777
1403,52.97084463262622,28.91724480310716,482.33065765958366,6.768240748029652
1404,51.438825497795825,30.03018761229713,457.5201436374873,6.819272164798352
1405,48.872107489475944,30.00928294955119,496.7498259721151,6.820763792359149
1406,45.22537637642359,27.225941491755094,408.811904502514,6.868286143253653
1407,43.39865685668693,28.319174968006063,343.7633777707408,6.725424228845827
1408,42.90051915835587,26.703412893003158,243.33748433675336,6.737767097898261
1409,41.26143670897096,26.29684612777275,140.8948194967765,6.9134753269692055
1410,40.08939139283978,24.333269005974998,17.801154649509193,6.69676684419942
1411,41.028279467728915,22.935015131900954,23.363368029081958,6.814311167094375
1412,38.579533177458664,21.970859839119854,0.0,6.970382398117573
1413,37.56234863837795,21.48022120716456,0.0,6.699363593669863
1414,36.797033731068346,20.085296503911565,0.0,6.51681152013462
1415,34.78947495395461,20.509469689233388,0.0,6.889821864814678
1416,33.49211992303619,20.21395726170234,39.84073271918618,6.984951863380603
1417,31.17923172815771,20.208552283680163,0.0,6.629707502888092
1418,29.914805415093273,20.83612956586253,8.846337363289704,6.674796725017007
1419,67.6206811759373,20.879099698710547,18.561812219821622,6.552426541324549
1420,66.34478687962036,22.55232042438495,0.0,6.608733962930627
1421,67.68431240647527,23.963268021951542,1.8411027462398397,6.822033120264199
1422,67.20781298942524,24.750497637264427,0.0,6.879215440560982
1423,66.16167952939415,24.303502059136807,117.23508138570283,6.96810993386732
1424,66.30054771901845,27.145846341740935,260.4093876014447,6.614937569528941
1425,67.30866913501042,27.682670542252403,347.75517098543537,6.888563454846666
1426,65.19115778133924,28.681780637232425,450.2039167059279,6.728640555123747
1427,61.901940207582534,28.148386959880128,455.3371919437921,6.657028300628418
1428,59.85699739851045,29.32515588519924,456.0417310885198,6.658977028484215
1429,57.0037534441079,28.36133464558708,485.888167905488,6.6671000999885575
1430,53.56363259488853,26.586506041258872,430.88417821263477,6.684102049482108
1431,50.664561484565475,27.83713167430418,333.8344270410864,6.7002294413084735
1432,48.22136962976174,27.081998058088573,219.3660251166842,6.688002078637966
1433,47.96728755822299,25.728121307813563,125.23699605735973,6.708941644424132
1434,45.89699872492749,23.864950142018834,0.0,6.679644379031892
1435,42.249297426380075,24.685027869750698,0.0,6.904489404477305
1436,40.76082064857471,23.293921507436725,15.936096661141308,6.993487047881929
1437,41.495824207618234,21.79520084316811,5.147462128346988,6.689182709504016
1438,39.0253166462323,22.556072649371472,0.0,6.731926896030258
1439,37.536459639474714,19.925410641874215,0.0,6.867264114627262
1440,35.81512561470984,21.518465851379997,0.0,6.721672795465855
1441,34.018006444324676,21.506188821638997,25.99974744524268,6.875044241305732
1442,33.72401589636456,19.640155754907344,0.0,6.730773438176398
1443,31.291309690656078,22.33167573775421,0.0,6.90034773706007
1444,29.030604265597333,21.596790885775466,31.958117203928165,6.682122348657576
1445,79.15823179446416,23.089644975311682,15.400449742614155,6.778328929052413
1446,79.63925909619947,24.783751921696147,9.977663895364255,6.718749783000063
1447,79.09247373892492,25.732130243370232,99.83420114024112,6.9931005455583914
1448,78.16850037636067,27.259198865217737,218.25246920508377,6.753622556102414
1449,77.25334758292836,26.87167062452976,349.3868876240871,7.044400050755464
1450,75.85802209974844,28.863966759853408,461.19729442587084,6.525615271589386
1451,75.06372524500064,28.273967235358537,490.0072634159624,6.659588708551831
1452,73.92622652213018,28.060699579946853,474.91678026008793,6.6932056169500385
1453,71.82451804528264,28.412796016348008,502.08631978951064,6.690421201140822
1454,71.33194199131397,28.921075381617126,417.37527281943517,6.724063604540508
1455,69.86975743997827,27.42369875469257,338.8540012773043,6.659044621891982
1456,69.23314980153347,26.411096965071934,253.72226685492512,6.853039424217911
1457,69.45591312374506,26.705677527854775,132.32403436841858,7.01005689578639
1458,68.51959680137959,25.183740972499734,0.0,6.808386430192324
1459,70.31173734106918,21.382024950863652,0.0,6.910107108633332
1460,68.15857918300397,22.624187280706014,22.74762195257828,6.807743945847594
1461,69.11555564045459,23.07696189371552,0.0,6.790168639536667
1462,68.64375036088938,20.348115178394142,32.10711924723613,6.906679982443879
1463,67.4464494605806,21.425470233838645,0.0,6.528633028400186
1464,67.09803635357032,20.21302833464939,9.21594487231935,6.5717343106531185
1465,63.67771523146043,21.296093098337806,22.367625642211607,6.5901920117199015
1466,63.115992742147746,21.339769261733537,2.8598126961843295,6.5472931546069155
1467,61.811341981699066,21.50945366241426,19.6808290580896,6.961929189933804
1468,59.27424223081959,22.63784366138916,4.724472925284661,6.641715760474446
1469,57.98586257702609,22.878292824286138,0.0,6.827828874727247
1470,54.67484710963162,25.488097992500048,14.637961384687621,6.90495667313267
1471,52.797931944866896,25.602163079848733,94.2281626781959,6.932120783725328
1472,51.27831194546212,27.538919591146048,222.53925926363047,6.676187798943162
1473,47.82017620357537,27.200246510838674,320.9735092368045,6.761184763239784
1474,45.91059200370391,28.70047770851523,420.0339915403131,6.955668333269352
1475,42.81742155065377,27.58623512304293,480.7694364070491,7.081168271373844
1476,40.268997081087036,27.418474532642062,495.5996394468065,6.739125604160132
1477,37.83484353720574,29.111158252857184,481.1929445230528,6.884908854930227
1478,33.82717860196442,28.29126240832014,409.9855161475372,6.774017671436823
1479,29.586906779089666,26.63880926911016,328.18810068971595,6.9219369926927055
1480,71.13255989110323,26.798261383677783,247.60761199907705,6.837942278896174
1481,69.5555520814005,24.906260857576154,103.35444980511103,6.749061644984967
1482,68.9749665188141,24.617185225317012,26.727636069063756,6.762825045871955
1483,67.4291989520212,23.361226954310435,11.846590940266866,6.766332086641089
1484,64.7399442977386,21.988802899760994,8.219804057550009,6.817688813609961
1485,59.60344253348668,22.03219623153344,0.6854362840044446,6.552709973738353
1486,58.203568881140804,22.305356646250754,0.0,6.7907297446305055
1487,57.33851433665181,21.27330000785883,0.0,6.833669623129113
1488,53.69133235432963,20.19703045072137,0.0,6.888104329405369
1489,53.052137920580094,20.57759308385117,10.961338494143408,6.587972547783074
1490,51.706066682782556,20.397807531908217,2.4808361554404295,6.976337970506321
1491,49.27914904136158,21.461306053627382,0.0,6.821148760441801
1492,47.02136747721377,23.33598202019222,0.0,6.798466319678586
1493,46.24914848961699,23.164669829111514,14.59545874068391,6.636991066370619
1494,47.32618469835281,25.878870643361182,0.0,6.695502110980287
1495,46.145111339535056,25.54914367245373,109.13884391630066,6.867654205317712
1496,44.27538106226623,27.177969804973777,234.78060861172233,6.808066228515427
1497,42.92166387285344,27.367559547362344,361.5817158036309,6.647448806475524
1498,42.54871014053066,27.364379802325,468.7240839256351,6.825795142812534
1499,44.20212609506972,28.04860411280342,456.13617925257944,6.699874347801708
1500,44.3357558066559,28.55533997265172,464.5951164804903,6.6182742413284394
1501,44.37521115764013,26.53111919785644,477.8724282649896,7.1228330072714785
1502,41.87171282382104,27.939023895602812,461.90865692413666,6.878157557862874
1503,40.883697560668146,27.896975079532762,332.7531196872264,6.903077128205976
1504,39.313730831102795,26.71771397996059,225.75611921039408,6.65572128771924
1505,38.99682527922596,25.1675034339093,93.70026975766294,6.671529270723269
1506,38.268849773906126,25.58919867540457,0.0,6.73955157576162
1507,37.38292132878277,22.862213048332887,21.134498225608368,6.864728124276578
1508,36.23283526079026,22.808078448451525,4.895006533695476,6.698685038160211
1509,35.143937632846274,23.114503022769018,0.0,6.826577102874973
1510,34.53015619299854,20.99001613721613,0.042925642530839754,6.651202177889216
1511,33.36971673922225,21.710847492000696,0.0,6.669916383270548
1512,33.06172469322363,18.822590044789052,17.458657351509153,7.033848236074452
1513,33.02802597330064,20.382702278707736,28.728590391177335,6.658235139262619
1514,33.68081067547,20.698813633634337,0.0,6.740020834887083
1515,35.120474600049704,21.56730863680398,24.994208403686372,6.615925449837453
1516,33.39885785240296,23.9406603991166,0.0,6.846250239180454
1517,31.30744039898547,22.609170852266377,2.444860090941324,6.692429484849936
1518,42.12332042780187,23.831963471826512,0.0,6.650432103325214
1519,52.939200456618266,25.733521974582462,117.63637229457869,6.377346313603305
1520,63.75508048543467,25.649212387336977,225.94165808541578,6.651984615977692
1521,74.57096051425107,27.47860799993659,373.6216011392456,6.647417627468162
1522,73.79396794266374,26.44373842659199,441.3517535496209,6.728585022049342
1523,72.97088551991352,29.467100130691147,474.5533108419491,6.88856276954864
1524,75.43674226121125,29.006643831430225,547.38574601623,6.910157188176386
1525,73.17261028712683,27.91959591269359,506.04521169507797,6.740632309746704
1526,71.0468434395141,28.220714997512044,445.6769905631608,6.633543445594987
1527,68.49577060301922,26.600808121202032,370.79690882198605,6.628159181013547
1528,66.15578155073952,26.528218358373394,224.88935076756232,6.884169010756917
1529,63.525868067729796,26.006601225923987,113.91954520816927,6.850103590643861
1530,61.299790276324956,24.957968060751117,21.191311452467943,6.676071438683845
1531,59.26073763441791,24.609943842151697,0.0,6.922521177208929
1532,58.457846385133266,22.47362116479289,0.0,6.513601403235215
1533,58.295186027386784,21.715143155922362,7.488824489036636,6.850849911971562
1534,56.09243127014673,20.326158239980085,0.0,6.780400637886564
1535,55.83653946697702,20.92862755692737,4.271223993784907,6.718307114252917
1536,55.75177207486719,20.426438195603254,0.0,6.694990734463714
1537,58.54162807707005,20.932348313255286,11.350269225792267,6.80783055870212
1538,56.287816812253745,21.359164190389638,0.0,6.714312802040106
1539,55.83414231739783,21.346196689643943,13.434849643837454,6.530588831518653
1540,55.84566965406234,22.441979549058008,0.0,6.784403226755645
1541,55.25074515763909,23.384171985350783,0.0,6.908532191486196
1542,54.417113245815955,24.165728165557237,0.0,6.7351474105956886
1543,53.40916238632497,23.98602946569909,88.81492244072237,6.674321637329303
1544,52.363413944724755,25.118471391454985,234.00662667602754,6.56565799714463
1545,52.76896897200756,27.818357601800088,341.604115556084,6.617754747871638
1546,50.06732632972789,28.332834358834845,463.43737448957825,7.071468290231212
1547,50.80832113030633,29.27258473545062,493.02361893874536,6.721524069237108
1548,50.00717224464773,27.97688550485918,524.7436160057802,6.705866096884575
1549,48.933137915057074,27.492034015226395,461.25715533285177,6.609598092278429
1550,46.68589247671038,28.435733905970817,415.80359114816866,6.5746437319579565
1551,44.15454705258572,28.13770989507203,332.450367368236,6.508344461359887
1552,42.21540242274247,26.07024266018074,224.785214086226,6.810964834878309
1553,41.40099046886667,26.069604775364482,131.89271534197601,6.603132743039211
1554,40.46296130097295,25.7482897127059,0.0,6.759851612636015
1555,39.95075276913105,23.60761267584614,0.0,6.81110698735448
1556,38.61822756248851,21.862095673279068,24.57713100401119,6.791732589957588
1557,36.766142763387904,19.71355505059471,0.0,6.691674156798574
1558,35.1317871835918,22.599575629545626,0.0,6.71484885951334
1559,33.28925325639265,19.30558436683611,7.961243497060099,6.9347331905037235
1560,30.57362813607271,18.504600581749802,4.109113740726057,6.636740540383406
1561,69.49846928068172,22.358300058003838,4.344158750568018,6.674041266066286
1562,67.78899219704651,19.742312775123676,4.769302806475891,6.943999220819576
1563,67.69688495936629,20.201029692302065,3.5296836732590564,6.783960454872025
1564,67.98024411722788,22.219464255602933,0.0,6.800496233326779
1565,64.38436972149692,21.623277560411104,25.216990399986194,6.803813010112227
1566,62.04379210101817,24.595508720308967,0.0,6.573504035461269
1567,59.79764330859057,25.08465949668614,115.78549255808998,6.72502215733089
1568,60.527232860451434,27.350843142993828,269.9581827328494,6.735396748847738
1569,59.43357557394366,28.660367772844022,311.5975656088114,6.591313726762149
1570,57.8769380199955,28.55555267922634,420.4141940715326,6.872985773735565
1571,55.11484389953521,27.25896409603558,501.0099273875623,6.834547822672047
1572,53.38393429874497,27.581696621583088,477.14809461025476,6.74817740302062
1573,51.993120544849496,27.181836723585167,505.0917125049574,6.659766676908181
1574,51.03506762377677,27.290722468614334,397.81354253683503,6.652071807126962
1575,47.200973058442884,27.101931252172392,330.87039749287453,6.558344780154286
1576,45.644924231694446,26.702831875119266,233.87544151302353,6.685405738795072
1577,43.882339422381364,26.42487050510371,116.83861228225364,6.631070624753481
1578,42.6877742785585,24.111502479959817,8.426395884648723,6.826746144690707
1579,39.74547704918001,23.749215202551454,0.0,6.7175749343844515
1580,37.66918248923862,23.445200920685057,19.031147554609998,6.526593442035485
1581,35.66788420001345,21.062431160361488,9.707198151063801,6.627920750816866
1582,33.24871263412744,21.600857283258073,0.0,6.688951887570352
1583,32.70530719730663,17.4837377910579,0.0,6.6828249356529685
1584,32.77055794972516,20.764984887146763,48.77713413158503,6.823122867786313
1585,30.767092103654154,19.96202417744452,0.0,6.635120570633312
1586,74.76241677100438,21.158927650763626,0.0,6.770338404082016
1587,74.5017054550411,20.625766510455925,0.0,6.9000313691223
1588,71.54688307013586,21.940131988934144,28.711419863272468,6.5035347419421825
1589,69.62503544497642,22.579183687607408,2.0090590090422937,6.474827781152617
1590,69.93063903360762,23.7873789995371,0.0,6.968281234507212
1591,67.73844117057155,24.055867429711974,59.87224013585916,6.5812431376041625
1592,67.74652264668488,24.520794597444336,244.64902938595174,6.622200140681099
1593,66.99337442203652,27.560741195602677,354.9049526674451,6.612035605804915
1594,63.99767364493521,27.306322392672268,426.95873008045396,6.7179922893252115
1595,61.177783252854205,28.280533015219874,472.98245904955417,6.798059904641865
1596,59.84862252932747,25.34856639286457,485.974208584169,6.617845668685663
1597,45.7094649165909,28.700363923082232,517.3693075673237,6.684983182274411
1598,57.68810536167016,28.127961915001656,422.36223081381075,6.699412262361986
1599,56.47952917390165,28.380060765831878,354.9982607756597,6.82000189591656
1600,56.1919784471856,25.102299194279762,238.3512025470879,6.825029774978496
1601,56.2906405959795,25.78620253899674,97.02089106698617,6.788503252363428
1602,57.25391345144021,24.19119507612435,0.0,6.61762936481967
1603,57.06671681926355,23.301189546314184,11.543866343754559,6.5754612952568365
1604,54.49676891013144,23.172169930483157,0.0,6.57465908499729
1605,55.38583467029862,19.75126486788748,0.0,6.881845676100685
1606,54.56166971848024,20.898527362986528,30.85472734559552,6.752160456899631
1607,53.66774146379171,19.180573587553674,0.0,6.724427259059603
1608,55.80268389352233,20.573916215497484,4.200166160451781,6.789621618215025
1609,54.08909943254375,20.068998190055737,12.834184903826536,6.9418820766099785
1610,53.21727433071359,21.80745449602214,0.4377764232966955,6.75383618093969
1611,51.64283335150564,21.892896154709184,15.939315910198498,6.9117894820839885
1612,48.601617808504706,21.119536278066228,26.28453151407158,6.801393890197181
1613,46.95338951068366,21.985571470880654,0.0,6.890843700596642
1614,46.34202971963199,25.09124206999276,17.826878032104933,6.691279252904118
1615,46.33205669216746,24.46408760648454,104.99108742165771,6.751411757818975
1616,45.59021307832253,25.342923435362568,222.87260108657009,6.603000028246745
1617,45.22256995625308,25.582162870306014,384.03318961112586,6.722684092499158
1618,43.38251619231611,27.11187406186576,425.29022244583166,6.851136503354993
1619,40.19691834770472,28.572432250742477,485.13586410439507,6.692815081085406
1620,37.162412562475645,27.90215837870495,502.8862003887016,6.495757247986063
1621,36.58889296581878,26.962830387381,509.66816949206566,6.617121683539269
1622,37.09023267598014,26.08390359850384,437.9883983700864,6.694439145293935
1623,37.089690231938235,27.24208980673805,329.21235078437724,6.776137615444664
1624,35.396143794018506,26.34542681258137,239.40794750272792,6.818203817382413
1625,34.07227712404196,24.76291567896115,116.8498552958231,6.776799494841098
1626,33.15176255157637,23.981274021064266,3.8224846767278438,6.577837043353907
1627,32.55412334310266,22.849425864087156,0.0,6.979034253974804
1628,30.29681974622832,21.868640332141247,0.0,6.662056622709761
1629,79.96014592358766,22.501760679054872,0.0,6.724166452433109
1630,78.36248827405748,20.437936562397383,0.0,6.597903365353682
1631,77.18220653226172,20.727373131066305,0.0,6.613190483172491
1632,76.08993647173514,18.677700351857542,11.790060997544959,6.367736671443716
1633,72.7831575067259,19.706050699900757,0.0,6.586287337872094
1634,72.00911555409787,21.559224028286692,9.570606282998067,6.535009832381988
1635,73.96254238790881,20.53395386707624,56.484408527904066,6.665892744516644
1636,72.66061636936047,21.71211642727531,0.0,6.6257506123547865
1637,73.17982112463476,23.00304989782198,2.8319157347976565,6.765428543703776
1638,70.02036264080527,24.792885634172293,0.0,6.78395402350077
1639,66.54577907844913,24.67992413837605,121.82963371732306,6.693927048520883
1640,65.43786885876195,26.544061368168805,214.0175111604682,6.556789131632226
1641,64.70495703560071,25.973303575078358,360.60809937272103,6.699863076238059
1642,65.37255203892195,28.097444089993594,434.74453120808766,6.744370179409955
1643,63.443203943622045,28.381440822060505,474.3412599623344,6.7086653057971875
1644,62.1919021111711,27.89173446725839,485.0205380545991,6.641665878790243
1645,60.53074392409857,28.321830499620372,507.3109337280798,6.848929747738046
1646,57.94826099924365,28.142032117432308,441.0264416098108,6.672432839914356
1647,57.84614199579899,27.025986167222385,344.6298769265931,6.530244936107341
1648,54.52788549815991,26.559642155197437,243.50094003660578,6.697637840552943
1649,50.57378433127657,27.054273515237846,125.1301517346058,6.674242450627258
1650,47.789948415893875,23.40103318474664,1.7721278144949715,6.649319255740215
1651,47.20787358040977,22.295576395765288,22.41934047228755,6.805066475474439
1652,46.41441532968503,23.00709041900778,0.0,6.629956264687932
1653,46.70627763231032,22.93507400303281,0.0,6.967492049690094
1654,47.67373203873512,21.245377370322533,29.835643268481196,6.650475519500017
1655,45.93033387745796,19.852026396161225,20.604993879391337,6.662793089582976
1656,45.74337296738436,18.599181818612568,0.0,6.797408838851345
1657,44.83750198079871,20.400432563460825,0.0,6.787503734657241
1658,41.30857212259799,20.649544230671832,0.0,6.612791084888644
1659,40.37824482262968,22.69038773073358,4.763426122792565,6.599846555119822
1660,40.01620858709652,21.771729706676577,0.0,6.722998101945876
1661,39.681934038383034,22.95268644213047,32.77921055199666,6.809701901412001
1662,38.422345368739,22.952657306975464,0.0,6.694967491142538
1663,37.99737401485968,24.37456839630887,125.22906851426998,6.95007249213147
1664,38.11903943785183,25.96112981243186,255.9667815663437,6.539004744882156
1665,36.50532487727018,28.034228360066308,330.72462123925146,6.824449502511686
1666,22.07378082027112,26.713731025286723,396.3439349885362,6.6477761269258755
1667,35.14426744108756,28.653373175956315,433.22702923401323,6.632908133202409
1668,32.98217267055487,27.200887853655093,499.485660702258,6.441347645919033
1669,30.262684238107084,27.91901932967,448.42687803022346,6.710688604288302
1670,65.47461374804848,28.673055806365205,453.39911597095715,6.794980654268891
1671,61.053319909380505,26.343536730413618,366.6705325567959,6.542966367821323
1672,59.41675999520616,25.860795624509148,194.24663888705834,6.814250732140103
1673,58.281971692904996,25.339146730670826,95.7085242782617,6.742646249412993
1674,55.81172269759438,23.44202640437817,0.0,6.710803882118969
1675,53.55515095480992,22.590931534305344,12.269438733835576,6.62552411196045
1676,52.64937329193353,21.776866994667678,3.660258566229641,6.581755936975101
1677,51.42034167230002,22.19696192945661,8.698741083561535,6.470256517881419
1678,51.90814195137724,21.283831610109917,0.6866677713767095,6.657239301561809
1679,49.54306738913401,20.59689805747325,1.815818059342142,6.494584304261281
1680,48.24710912314792,20.837315928773652,7.181101869607334,6.852943786206684
1681,47.68834899636251,19.67120393151708,7.060123610929904,6.4856881088245135
1682,44.24991493081877,20.25055122516846,8.807079877558271,6.63032005675823
1683,43.061422102568486,20.982047596508398,0.628540187076918,6.67188575599863
1684,43.043949747991945,22.85842176360989,8.71092637984728,6.712814515615219
1685,41.21197796950101,22.425650624905153,0.0,6.588604711229676
1686,38.48147495105757,22.343693652321512,0.0,6.791088199407819
1687,36.39402616731279,25.813854689092743,50.45178350974497,6.515024216196423
1688,44.790433152838425,25.80056403066635,200.4833093112982,6.733513390146153
1689,53.18684013836406,28.376685106202487,327.0466838074513,6.677025300322948
1690,61.5832471238897,26.63527180740663,420.8466567749158,6.72658168481605
1691,69.97965410941534,29.258115126500705,450.14639815409765,6.678143964136273
1692,63.786769278977445,26.851450250995455,490.1159690167459,6.514997657970866
1693,68.83113599304866,27.77191518739231,493.30558923018293,6.892593301541915
1694,66.86837495704255,27.8018492156133,410.71750748082513,6.787512697911592
1695,66.67942547235874,26.44798789328626,339.187364518519,6.568520851473165
1696,66.37505918035698,26.152872722485768,210.58706310602372,6.357425834992931
1697,62.34039453732961,27.357887465518214,123.90768868011891,6.779557261892557
1698,61.104744355359436,24.948661554870185,0.0,6.662974556627038
1699,58.9793033889578,23.79003716270546,32.00195693640956,6.876236070524311
1700,63.25883321440341,22.665015521763614,1.9894191621830126,6.691991373882278
1701,56.42256889422163,20.038925974754104,11.148171137023713,6.768702240589784
1702,53.46102115609751,21.14996547932404,0.0,6.661677993910598
1703,51.61953453271852,20.86323364868073,12.873375060449817,6.942117495654356
1704,50.80203082531999,21.19585894944817,0.7892116092820916,6.949658280997413
1705,48.763405631748576,19.342093983355895,0.0,6.631101276979944
1706,46.22808696971298,19.81383746684012,34.603436099712425,6.855405682058799
1707,45.99085085051636,21.531790617179592,0.0,6.567306564685748
1708,44.71469702072548,22.559840858705368,0.0,6.590219333075128
1709,42.97866026588325,21.745565492746728,0.0,6.800733240039075
1710,40.672688640046964,24.57892321007124,0.0,6.714489618176555
1711,39.254011037435056,26.630845099765118,80.74911902637558,6.772914296164188
1712,34.369444904358026,25.88857805171669,244.4317587493149,6.559040463264102
1713,33.75486330073017,25.885774607574113,366.36477466462253,6.568911246575331
1714,30.420870509510838,27.095777599841732,420.7727401672422,6.679824880039216
1715,73.12194638829784,27.73007992523363,458.64280526249325,6.457885665879247
1716,72.02723701298683,28.98884734725279,522.4337828477584,6.7121898223952625
1717,70.74489534695496,27.155034174842232,445.5367416574367,6.618616227415797
1718,67.22588585184754,27.154738163896518,440.5074634068742,6.5565717333530715
1719,65.70819514215303,27.1450898917634,311.4086555102896,6.58924746758712
1720,64.25881567682794,25.53612984958401,195.8728613798262,6.730063993849043
1721,60.84492435646366,25.471123611222957,106.22145715512221,6.608999923328804
1722,60.49485665044948,21.492471173599586,0.0,6.798024669337944
1723,57.252953130830534,23.307627024579876,40.002153837706686,6.590767601532172
1724,56.8259223103398,23.599318026927712,17.647941795799603,6.80799596380002
1725,56.324139166491676,21.318435763897043,0.0,6.503833414694949
1726,53.74116152266079,20.493967636783925,16.629977338633243,6.7804693684370845
1727,51.95156950101803,19.510237409717543,0.0,6.590668235699643
1728,49.96000199667376,21.92201882562709,4.841413405759347,6.574218566005954
1729,48.617504394814375,20.05044155632948,11.023534047142785,6.663119786593819
1730,45.78863875571811,19.904919521780265,0.0,6.517461445581394
1731,46.11976297880144,21.34009282933744,0.0,6.679246122154181
1732,44.09772399220775,21.568627514823092,1.1302129693111274,6.661344984248914
1733,43.17302520550187,22.63621363639836,35.23350190387957,6.823168401702657
1734,40.19419657237106,22.68106304570619,2.975612696146104,6.655784819108749
1735,38.884757895008875,25.006769449556668,110.2635501941896,6.980336255771483
1736,37.246966393673105,26.016210052661382,227.51399526523568,6.83042813910921
1737,36.6904928491365,26.25695429495202,341.2291844457069,6.896289638802193
1738,35.09086429339481,26.515108769661044,411.7497613859107,6.605211236932889
1739,33.27265789572039,28.267000901657628,492.1577005196216,6.5374197739762785
1740,32.10960697931534,28.06969312492323,532.5286146921771,6.7046607433466665
1741,29.74328916362073,26.34655838748699,495.9952774992753,6.6788030721393215
1742,66.46178129899845,26.375332560738887,439.5776060755579,6.495373850971802
1743,64.70059604212979,26.83686090876923,334.33947604627076,6.825479083230739
1744,66.83507355633736,26.7148903844482,199.27579123580264,6.762340257556387
1745,66.06819816298294,24.704894333308,113.7244046055561,6.6348267020077225
1746,64.96092464037585,22.47216285520054,0.0,6.792577402683488
1747,63.307421752775895,23.660072282518474,12.50636668043006,6.656022643087827
1748,59.22210653579177,23.09214928018992,0.0,6.981296499531405
1749,58.18876866062261,21.740057464152475,0.0,6.707627593785709
1750,58.365147266554466,19.48548465541954,0.0,6.602315663570482
1751,57.69206472944158,20.65462485632598,0.0,6.572083470338993
1752,55.80011397608081,21.00592019320692,0.0,6.447493453718115
1753,54.15045165790686,20.406688966325127,0.0,6.685814810894092
1754,52.46164810700298,20.075887898947947,35.23340464273755,6.647203872105521
1755,50.93295045851539,19.799912275347104,3.761467139835461,6.565616213147526
1756,51.83062243604343,22.06097878712962,2.8620041528619837,6.547962704042695
1757,49.623110790930966,22.142434835254573,0.0,6.7556160181677924
1758,48.61744176741804,24.218180215619604,0.0,6.506987600598904
1759,47.82062560255635,23.82903515190911,98.44617415048648,6.6220213474404135
1760,44.20590494775096,26.71212117883482,226.2165574603299,6.585876394255712
1761,28.252867881967422,26.030402878399226,340.42684606630417,6.598490423955956
1762,37.83668012163755,28.285622557815667,442.2253901580004,6.693040093636681
1763,35.60928000875122,27.51529718689484,518.4264036152915,6.508776377329295
1764,32.97475410974078,28.01741816119367,478.2721624424491,6.727954632912527
1765,32.794118836742776,26.76443239228233,477.909471039034,6.601125100479643
1766,31.969888042953485,26.634917572043037,446.1890112605407,6.882168524900862
1767,33.752168104336555,26.144692963816876,368.76700679736746,6.636178518394045
1768,31.704188596453108,25.172779225697067,228.8081201983748,6.746878790449517
1769,30.664899686024494,25.180553252811716,83.43058909566975,6.725312909387413
1770,65.16280671275595,24.708325608414953,0.0,6.803219569547151
1771,63.19108473400991,22.50020089990352,0.0,6.459495757798057
1772,61.58395073713923,21.847082053475347,20.20758626566527,6.614266975865602
1773,60.39580880038187,20.44442923335216,25.58167738884844,6.596897373209612
1774,60.40029294738934,20.78142329379228,12.770866345351982,6.8714727246063445
1775,57.38730282607938,20.326586064866863,0.0,6.333053271999559
1776,56.59398412098046,21.13078647658393,1.6255433518213738,6.800436992553038
1777,55.139204384483996,19.024278498833826,0.9248365003639852,6.456152233154025
1778,54.31103957301256,20.2706593362379,0.0,6.916771402924397
1779,53.80004987914325,20.693262535432606,0.0,6.611845705062311
1780,53.08729131288975,21.75655136916008,0.0,6.661166074572695
1781,50.735614775034016,23.268709114871122,35.329144930751234,6.716657530976408
1782,50.26675740777541,24.561491216805937,0.0,6.707674669670819
1783,48.296047080954054,24.63592646461436,78.21576757879308,6.855101763107693
1784,47.26243894805148,25.09521775901948,178.13121648535738,6.73454452099901
1785,44.80255170563397,24.943731465557576,310.6231715515736,6.6711632700903944
1786,42.04443667213477,26.886358917187838,450.55668696688394,6.4626074169651835
1787,40.24723446507335,27.564571114932193,496.9020944833991,6.5903815722816494
1788,38.827846401107685,28.42825120011494,478.6295849183512,6.7004254810672235
1789,37.45917151431512,27.204484379849045,482.9867377642176,6.422398023271171
1790,36.688578811630485,27.964080832372296,393.03316457758007,6.869250808364605
1791,36.695647980034515,26.189078781307096,306.5151676160467,6.728131737634823
1792,34.813113002909475,24.80733937388156,180.57002972599147,6.746157173950288
1793,31.12884642433077,25.35618634856809,85.90044155410655,6.603091439110872
1794,72.18012554837006,23.155463716897586,0.0,6.834818344173396
1795,72.9681717345171,23.471671339275964,0.0,6.51884488936197
1796,71.28046926730856,21.72031301242375,0.0,6.743817879624874
1797,72.32390701476268,20.144990828643124,22.867230604116564,6.681158817757205
1798,69.00166638540387,22.438983132022578,15.878930669425097,6.623418912603235
1799,68.29890015190875,18.825896225353162,0.0,6.726352494849097
1800,69.0825800164891,20.170839141050898,14.127413945011986,6.639950667754172
1801,70.88672485795348,18.51682296216471,15.928607332842208,6.849678353576972
1802,68.15191410554974,19.25210418005453,22.923638060988782,6.802844641737344
1803,67.21779969824212,21.62646227939188,0.0,6.758250957390593
1804,64.81562018455708,22.191657577997816,25.502488093222865,6.946875053650007
1805,62.366776349430374,23.129692702149722,17.43111932576284,6.689260466345335
1806,61.69523360214955,21.71976327777858,4.542676573868968,6.660407691356863
1807,61.77957354308151,24.696667104246917,81.76480291661856,6.635652949204832
1808,57.33981839476373,24.58489017213958,184.88419018775022,6.67595986614796
1809,58.52799882934438,25.858236749290274,298.56635109692667,6.726582439861829
1810,57.86556209472119,28.121406742979136,430.0817458851045,6.676156534404639
1811,65.37039948279988,26.664343889144956,477.5095447255224,6.595677182178856
1812,58.40227836180622,26.795391847108224,521.7819800569489,6.447955324956082
1813,57.886836430946914,26.72323103127779,473.5562890887041,6.673040508436242
1814,56.95333114121164,25.284444301073506,386.16070400920535,6.678792233326991
1815,55.29143135097475,26.223786649764627,333.2869438443763,6.4243477347124305
1816,53.84505628893465,25.18143526102462,186.31192563876036,6.465150672325959
1817,52.08720795320135,25.751349573202965,73.77980563014552,6.756181109936139
1818,51.88860684195209,23.609431360061595,0.0,6.404653249647486
1819,52.36281565182069,22.89719545303971,12.381663387760202,6.60493892232326
1820,52.988198955441604,20.866067670533624,3.290051800870116,6.62298735143842
1821,53.374796242320045,19.635365978720117,0.0,6.719469178168296
1822,55.276411220144546,18.61692308519085,32.57255395762483,6.672180771723246
1823,53.635381127169744,20.161839947917397,28.676656773196893,6.484724541287348
1824,54.25021203781076,19.819995544783072,0.0,6.381145056794208
1825,52.30245273440365,20.30946004106601,23.670982051632095,6.50108186701428
1826,50.90158621251063,19.24060192704157,5.977169275011589,6.717071836617536
1827,50.52936191057248,20.011878278141577,0.0,6.589973340155856
1828,47.54221842677486,22.463952118609573,23.838624724301457,6.604511124440355
1829,48.47079955969637,23.323309215258355,0.0,6.502396710000124
1830,46.520535625221186,24.32646785007343,0.0,6.64749081955406
1831,44.99240282920226,24.419939836538973,76.95487108493484,6.732918352348066
1832,44.275362059340544,25.5349993840803,247.51695753464435,6.780242856594555
1833,42.77404555121205,26.30187495313785,335.3113431518215,6.672938515503535
1834,43.8743663756981,27.562986532299625,395.18273572987863,6.754715255572619
1835,41.700588961883405,27.540795805290003,489.8492553372905,6.491435322015288
1836,42.16462310825685,26.99775133901567,497.1636940466168,6.39439533336148
1837,40.362442494087674,26.192398257337835,507.92502075719796,6.711895136869957
1838,39.30592400828415,26.92755380616718,399.5271694253109,6.601473644332428
1839,37.95406730217755,26.334010664463502,315.6304917173318,6.7211316940678705
1840,36.33065431267915,26.89057236423998,190.42031954663247,6.629177028404594
1841,35.91878771962564,24.549769006388637,35.14617026004435,6.423055409297999
1842,36.65693761687977,23.183191720466215,0.0,6.670788240472675
1843,35.84544075355911,21.28024724320064,21.15921427677585,6.650662788979313
1844,34.011369832607194,20.797474979555936,0.0,6.651375212817748
1845,34.007937312310354,20.061212203596174,0.0,6.59629058435532
1846,33.593798366872015,20.865014355401833,11.03186028081031,6.6771626960465245
1847,32.88874065317187,19.441992770467312,0.0,6.609230632621427
1848,30.6441722691902,18.561415764084984,17.574685560953306,6.446198545505017
1849,76.27246086166522,20.01277818159263,0.0,6.576323602918094
1850,74.7195459316541,19.97922691116354,0.0,6.539638005193101
1851,75.61703376624634,20.805026192993306,0.0,6.736242478784815
1852,74.82862350053927,21.540742408737007,0.0,6.683538839259748
1853,74.96847769342776,23.596822021405075,11.160793430380327,6.4050309098645135
1854,72.70554308707676,23.21599954977907,0.0,6.708654003312277
1855,72.28210202989032,23.244072885359284,71.88810752639479,6.5414456813563575
1856,71.94778911204942,24.525786218187942,214.3398021735719,6.625659465815549
1857,71.39028522738565,27.225894203329982,281.943672297057,6.552965399256357
1858,71.93615186714983,28.25266754301427,415.96120708275487,6.6731990424088945
1859,70.33700456169584,27.59031845481459,443.0221031675339,6.7079575647897745
1860,69.53790606236753,28.15573287274492,476.74122026294174,6.588621538256239
1861,68.49263662730156,27.903762471402146,473.8276402665414,6.595457951508983
1862,68.2167085312769,25.543169929579836,411.60195536126173,6.6671000652400405
1863,67.98113112417991,26.32719065699819,352.3050804855168,6.6886616752471895
1864,66.50433360701234,26.378030569602945,218.151603436959,6.521896314480856
1865,66.71032503751401,23.840424401323222,79.30784135059007,6.615961610705686
1866,65.73479141008926,24.64844404774925,0.0,6.557814120287061
1867,65.75499744399251,23.419612324210785,0.0,6.748236591187384
1868,64.99852366750446,21.39641748319397,23.344354666087458,6.822125005185537
1869,64.99214475148514,19.86263355328095,0.0,6.773436955861651
1870,64.01469849920058,18.926445765295945,0.0,6.74911185237279
1871,61.42618686483546,19.75074816809801,3.9659206742890705,6.9540684932936125
1872,60.51069790353731,18.438653337721895,0.0,6.533851807306015
1873,60.99228757172202,18.837660925440204,37.22746142636444,6.6551258736877585
1874,60.51494167876263,20.311843613384514,0.0,6.750622637789611
1875,58.46062961161194,20.302555911526404,3.4418575226366,6.627507728404994
1876,57.782294964555,22.2977629247386,15.48045548142105,6.621123297313851
1877,55.852595432903,22.959929835850314,0.0,6.651446453738943
1878,56.6870075416125,23.17153031322506,0.0,6.729636672766729
1879,56.10841043265919,24.449976788264458,53.55616931116214,6.630318970859126
1880,44.513045417525674,24.66798894263764,195.0344621400519,6.608226881143719
1881,53.99178095546834,25.09725786604369,301.18059000661447,6.702223469063956
1882,51.84404939850555,27.143069539049474,447.77643637632616,6.70900051774104
1883,51.699936063134246,28.014497038496298,500.772874065009,6.371275029748656
1884,50.477908173666215,26.296502458244326,478.6863460436087,6.419973084809055
1885,50.34526693837473,27.061378618261806,465.4479738903897,6.422315880198677
1886,51.7796435570071,28.277987070363118,415.3207324266804,6.552716881240435
1887,51.64504118918141,26.643609710293443,332.9290558839933,6.378234835633072
1888,49.07312119275333,24.236588928253493,200.8498543487645,6.562036468782137
1889,49.70518151252486,23.69587785809574,30.604799887242784,6.796650109821196
1890,50.18900572753393,23.578672602037713,30.647607651752438,6.672485397631228
1891,50.02815000559896,23.15474179504565,0.0,6.506369721117679
1892,48.978999833161744,21.94896545229898,32.25956341186109,6.709529426840031
1893,48.15340635782737,20.20958781988668,0.0,6.494434444027002
1894,48.28985764943214,19.767394999092147,12.110273022483305,6.629749895614574
1895,48.827530872402185,19.835030822042892,19.167839032342275,6.8146943589117654
1896,48.31211750162748,19.34294864972548,0.0,6.5486126098881625
1897,48.81823113074946,19.026613391863773,0.0,6.611092872426678
1898,47.324448073065845,18.29588944047789,0.0,6.554785800486926
1899,46.8144790941167,19.51666036869798,4.887662543943614,6.680451599887676
1900,45.430492145986925,20.75353475167623,6.256444735336929,6.681234031213001
1901,43.443952111131004,23.502191259403816,0.0,6.851703371991155
1902,40.82934127438536,22.324670679251263,5.452670286388286,6.653449047555695
1903,39.679240505087435,23.82505910765415,31.56310252104251,6.800488244437365
1904,40.13555036768004,24.697057823627016,174.98047514389367,6.557405539243767
1905,40.77346822336806,25.76950136814084,305.1263271996864,6.534018308969807
1906,39.395214272895444,26.535031480223882,382.802577572456,6.65938573994603
1907,36.469754078592736,26.830312753863076,493.2610779639643,6.59586663215388
1908,36.091759639844454,27.401041394898137,479.8313395893771,6.428812103424282
1909,34.825598973287796,28.851217072166982,482.20852610754963,6.608199743965852
1910,35.78361817552252,26.207071349163197,407.17486087597484,6.578450858709249
1911,34.889107071722066,25.91514251627227,309.8569741170182,6.74591468016258
1912,34.36345646505044,25.833083374453857,166.4884588235542,6.501469769713364
1913,34.03808846318204,24.680878520751175,73.99484808957712,6.386103024233455
1914,31.908144942595854,22.793060817470298,5.727734879107803,6.589750598527075
1915,30.733287856309214,21.262939074771754,13.315201080156047,6.886210328006474
1916,29.64699202517288,20.62218088848954,0.0,6.614727479400555
1917,72.04066568117788,20.189309392909152,23.540012735806744,6.454885901610948
1918,73.25123347396945,19.965097960987443,0.0,6.641935795581473
1919,73.58819326061267,19.207788288215145,0.0,6.479574019497239
1920,72.06341165312317,18.695562121361558,9.583583188229882,6.620008943694399
1921,72.46210449810431,17.821892765121458,0.0,6.803870104193631
1922,71.10395109466872,19.428544710139665,0.0,6.703704691465917
1923,73.84573434087946,19.996391785083507,0.0,6.781851214078364
1924,72.69639367644237,21.322307732157494,6.185652064271863,6.532645821193781
1925,71.91213836504824,20.450001994810844,35.74479929209337,6.550527187531785
1926,72.66847885566419,23.753447583723386,0.0,6.460859349284695
1927,71.46476308333162,24.379446611808113,40.94526582286961,6.5657602420866885
1928,71.20206446829282,25.547546645589488,182.73651084206853,6.441803915646874
1929,70.95898317624041,26.16795052089608,318.15406891352757,6.7096101127260495
1930,70.22879140514361,25.71856458912308,407.52983036796945,6.41554971066755
1931,68.44638338928223,26.32175138082004,481.13959114996726,6.475041690255254
1932,65.95820382331134,27.850368185088204,534.5007717959603,6.661970603163727
1933,65.99910342699594,27.188037534057944,482.94341291803806,6.726492770772868
1934,66.6308095796085,26.881245805845104,413.49148625274177,6.442136953087439
1935,65.39037515581559,24.62526300241757,312.0558581316025,6.482934248041491
1936,63.307800406993024,23.859839559739246,199.02810796631414,6.533035135989646
1937,57.73993208602889,23.736448324768368,52.1350971515724,6.4088360595227405
1938,62.46749748868461,22.40572800093176,10.095013771426611,6.57527952262833
1939,63.269277837378624,21.743015600121666,0.0,6.7072103532695575
1940,62.59447298364036,20.567249213560665,12.252818851754146,6.684117348704346
1941,60.34538274374064,20.25970161681993,27.935203547969824,6.656002240842842
1942,61.07609750826801,19.741919490390575,0.0,6.718546599711419
1943,60.63101020868219,18.89686523536315,6.495631882202291,6.660198811935493
1944,59.928619744993284,18.09718801210907,23.539587270969733,6.523490302696894
1945,58.47224723654264,19.310585145987798,28.479076910823338,6.762357456107435
1946,55.30145193547967,18.661266228282745,22.442646444609522,6.644161184445395
1947,53.770664489696536,21.167080222808057,19.50401083369532,6.6370167516304726
1948,52.35012755779156,20.538757347836107,0.0,6.539263362912898
1949,49.304200526200674,22.86921855069612,0.0,6.611562592356788
1950,46.35204922576854,22.918859464871062,0.0,6.571347528452571
1951,44.37809984190007,24.25561216114597,29.736919057202584,6.802283974103839
1952,44.37569117501709,25.494200143979818,136.03064166234134,6.492721770008179
1953,44.2697353468742,26.31693654030571,328.3680480366966,6.535690064899131
1954,42.86229914794071,26.227347350998475,414.4122263320687,6.544571505760932
1955,43.09568689099018,28.235087765416942,454.31477935017176,6.541516547972815
1956,41.069021613549154,26.787547217201723,482.13501004963206,6.588603338852825
1957,41.3234123781775,26.46704347224836,453.7861931298259,6.485572301439346
1958,41.58875570302044,26.804398234102464,424.13413940119096,6.699254404662694
1959,41.47269948527983,25.77396158467162,296.07110974558435,6.51921435140438
1960,41.923053388312844,24.823927264108537,183.48390019349262,6.539585003035295
1961,40.60822051896949,23.45282598416978,76.50221655509743,6.4223198385999725
1962,39.971575361946144,23.817605482786426,0.0,6.693806671300828
1963,38.2574444673675,21.95543843996001,28.68354073040653,6.38397406900461
1964,38.33243958538432,20.43595560466587,7.5776757560567205,6.572731577176092
1965,36.996261173134165,20.282563334713004,15.555952617554299,6.504829152344033
1966,36.071983300657045,20.05745511187365,0.0,6.7212146515174345
1967,34.77520513537657,19.27049202054912,10.736149384498075,6.442757308881603
1968,33.98283515782988,19.12139418597645,0.0,6.499581465458244
1969,32.341830701403524,18.887793505682804,8.247119381718962,6.771831910074066
1970,31.6683538077063,17.792272124408186,23.941890525179126,6.492524586423155
1971,31.023611193935068,20.83370504625871,11.67674163078118,6.530461423104479
1972,30.84871069796413,19.835382749806925,20.045385452370258,6.533003474809061
1973,29.56448361222336,22.00671651616171,4.186977146693776,6.577285912583789
1974,66.28771611932409,21.859363804283753,24.856537866536552,6.669951365412151
1975,66.96619919893287,23.89719747061303,20.454941897375942,6.562080241061905
1976,68.37584977156946,25.619480744750266,182.95393324750452,6.669951757889174
1977,67.29198490468806,24.073648648633625,291.26171080571396,6.550476899401488
1978,67.30505920640049,26.091289252013617,418.0875421049654,6.421076927291248
1979,67.5246613326907,27.868719573137717,467.7073259004909,6.599993045726171
1980,66.79390457345255,26.503155381960337,520.5920872283939,6.820587660765371
1981,63.889183551562574,26.987720845890024,466.7111133852328,6.535009442914927
1982,61.39829042248541,26.644422202308334,417.44876720327807,6.564457071928461
1983,59.221274998933524,27.034277513550755,300.5807959918607,6.69845211550747
1984,57.200619390653095,25.641742009571313,159.58435247321623,6.546501629810167
1985,55.65104590149045,24.59654280111077,39.95822829513271,6.485602487312006
1986,55.43471376215715,23.42373122983725,0.0,6.336272820906393
1987,54.378809480897914,22.061243727760107,45.60520460597854,6.494637932808215
1988,53.14400919894166,20.55828917325866,0.0,6.486279093844549
1989,51.13727822557379,20.183258805660934,6.164426231679609,6.71121366339864
1990,48.78877960754839,19.776270664972806,43.126992634585974,6.537007851889689
1991,47.93075320097381,17.711645572995547,0.0,6.577965450997682
1992,45.0923850372194,19.32831764658504,0.0,6.53193628221385
1993,45.398542041259944,20.57215168514611,0.0,6.429531583380468
1994,45.03514164686077,19.726463703630603,0.0,6.668396729228767
1995,44.212538317656424,19.948061370741208,0.0,6.867866920124905
1996,44.50104800509678,20.466424197966493,0.0,6.724822236029088
1997,45.33477563312146,22.53433465286462,4.35256200245701,6.86278351511044
1998,42.93239061816241,23.12505409223816,2.558544047491585,6.648863751852766
1999,43.990756191812864,23.581234679322364,26.171547380244473,6.474141697411217
2000,44.31167148359758,24.207467855081788,189.06077874774917,6.511389294336024
2001,41.75918804996048,26.356009640085684,322.9594331357475,6.4112138646499055
2002,39.96525843017722,27.821974410734292,452.947940082475,6.56089923059571
2003,38.91556339969683,26.41211296254811,507.6535344676941,6.563275607342346
2004,37.44531502267549,26.533186243607762,465.97719051465515,6.6174640192556256
2005,36.426584943680965,25.41046187088056,471.80464439873384,6.657552151939334
2006,36.58186306179515,26.7314625798368,416.71671087197547,6.754787212358162
2007,33.57125358772141,26.240551691244672,338.2003577620464,6.867979970742079
2008,32.46780011425709,24.950844364790665,174.91211787671742,6.599820031926574
2009,30.980819571629837,23.670253554539784,61.9303252573827,6.38187601453854
2010,30.798022940866627,23.03650537774101,0.0,6.380434824822512
2011,72.79044216635023,22.96204253323828,5.678221174727618,6.571729020133801
2012,70.29629341049923,20.19922433671129,15.198739639196557,6.66414857162565
2013,67.4735123595955,18.678460313518283,0.0,6.607770700160483
2014,66.91561842732374,20.05350354840326,0.0,6.597045210841289
2015,66.41968184055223,19.35403136728015,24.0715610906692,6.393862456947074
2016,65.3487083409989,17.198595152811976,15.493132717801501,6.740741032444733
2017,62.82308737849412,17.8999493288036,0.0,6.643729903752911
2018,62.06723210524635,19.51828750725965,0.0,6.6086698402602915
2019,60.66662178170187,19.985493330031876,2.061564430616963,6.565251109527199
2020,59.42669607815209,20.905616760704522,29.220512446781946,6.56266940678383
2021,57.45863387377219,22.51372421331859,25.392265251996857,6.412955438130117
2022,56.25584288486447,22.91543615560692,11.14195917141991,6.431390014160988
2023,54.20942588608738,22.726849652891133,2.1282874352328562,6.584926520417258
2024,52.549604615107185,24.947627626824165,208.61902896959703,6.538321352042004
2025,51.364453759594014,25.566896301744652,287.3879972021594,6.602763472700412
2026,48.70765506423444,25.377909197350117,378.88842541439516,6.405545359771481
2027,38.462014229223115,26.74764597619322,480.39960379064684,6.526165540770291
2028,47.2594601490042,27.13116221899907,500.5627102440251,6.893895651173108
2029,44.809136548933566,26.31747701543911,471.38670489830196,6.752861579535192
2030,44.684410507045186,25.182138423248905,415.20929322385405,6.618295694846934
2031,43.05105249860341,26.30934294140312,286.70600431589185,6.601163169749355
2032,43.17821232848895,23.953388206557506,128.7113973180344,6.6561495969550215
2033,43.62351385382764,23.92726505798121,34.94043716616763,6.447637222890303
2034,42.82395059387213,22.585918769069735,0.0,6.536543764273881
2035,43.2251530317946,21.991044799669194,46.11273674734378,6.440503741687262
2036,40.77788688708557,20.943086045958445,0.0,6.635861526541089
2037,39.50351397972838,19.23374210907099,7.704253045187084,6.696855792016039
2038,37.846690812672705,18.907350114890985,0.07009663337237937,6.5359516535603595
2039,35.341003410074386,19.64678744867532,5.90390736317672,6.6097592860456365
2040,34.339492649150834,19.24914587822708,0.0,6.487249858868277
2041,31.592129634975993,18.17664288333366,10.4504153288478,6.473717966508485
2042,29.534463769659933,19.8432830368062,0.0,6.468019288871449
2043,75.14674883120064,20.33424284118485,0.0,6.673734503604099
2044,73.2212245765026,21.58854943967106,0.0,6.401931711431364
2045,69.7563905111654,21.888990241691893,1.624510063004997,6.534331872515915
2046,70.93879132924268,22.395923463636755,13.7354814100671,6.475075884826758
2047,79.53411060580451,22.675296600511334,57.47095934178046,6.581702107430511
2048,68.75550867451726,23.66239231374715,176.73377635012392,6.548522474699711
2049,67.37244684160974,26.007005260890136,335.70805201871605,6.561859577142263
2050,67.06563861662002,25.968309318232084,448.53841796012256,6.3887942559039494
2051,67.23296672781765,27.179790070792773,472.5596889789401,6.546653452484871
2052,64.96141959916874,26.8791015461168,510.88919739054927,6.4207551299998915
2053,63.596315296601944,26.023852691655936,513.3027961438925,6.659662374160605
2054,62.211482357883426,25.811911178827845,407.8875094294833,6.458697426939298
2055,60.2106548533193,24.69216036775879,311.01620140584527,6.450546413836498
2056,60.42035491557079,24.816885023404303,152.07530139790123,6.547115520750793
2057,61.18022051411111,24.82011427789528,65.61203033108316,6.592013061877331
2058,60.56857524930574,23.29529009201278,0.0,6.647598110781026
2059,59.380815592734365,22.136577271504496,14.479454881387358,6.659962838484372
2060,57.79170885024244,20.70249008804099,0.0,6.677728997431464
2061,54.769627586583816,20.358521233353617,3.2803191328122248,6.583932717753865
2062,52.88280197083502,18.380011179760928,13.137974126392947,6.465412764746275
2063,52.48367265468413,18.942970616759755,0.0,6.741378957710643
2064,51.11955046377283,19.858742029145947,40.44348200174757,6.761493186555926
2065,47.595668172748276,16.919021195735827,23.503156525882826,6.492687126079529
2066,47.930987120880374,19.13534175093574,0.0,6.426458383298633
2067,46.034410813697,19.774182037607037,27.537717723516984,6.633288973036815
2068,43.67593160675993,19.790062526639993,13.769919491231331,6.513611026070513
2069,42.77272229831402,22.758056556813727,35.50829150309379,6.57868016254743
2070,43.29325277998868,22.900544478522566,30.306361886476036,6.476739141966627
2071,43.96470274718286,24.054094652127368,0.0,6.504313552199581
2072,44.112161730926815,24.612632056176558,146.7390456236149,6.494624781676921
2073,41.394642830936306,24.93663906945494,319.58372097649465,6.4370034892488395
2074,42.80793242560488,26.034781490783832,422.69377288190657,6.361915670630114
2075,41.07079864760726,27.875115139113227,496.8536022463809,6.486869082012305
2076,39.27400360972272,26.173119732437275,488.0523787790971,6.555002095921554
2077,37.68189847982944,27.092891610645648,492.46002780806595,6.642376907595131
2078,38.26697771406869,26.562748867428073,383.1344496385939,6.485837812919374
2079,37.7581671809809,25.769779436960896,314.60091946769626,6.429207577908623
2080,38.927494211329154,24.90079724396465,197.81864713939328,6.549526892302826
2081,36.713757210940024,23.730432649367778,20.53077120550076,6.406146629988296
2082,37.16886516464134,23.1740260449343,10.087301314368196,6.476796038892551
2083,35.3475460642898,21.010396098305304,9.623431151584539,6.423201790251097
2084,34.70039375734671,20.24413387155503,0.0,6.556678102316945
2085,34.22694652647055,20.042002825103907,5.237213185805473,6.689852313342985
2086,32.84627543328105,18.076746357339278,0.0,6.5937769235447234
2087,30.436453338691102,18.40409695401119,14.925877197769076,6.560511280150552
2088,74.53364109909907,20.431062208193943,0.0,6.5058548158790535
2089,73.02954481146023,17.55672140049945,19.757231648130183,6.586463040772239
2090,72.5104569161557,19.156325697630905,0.0,6.477995735721951
2091,71.99136902085117,18.439044200182014,5.473202384250038,6.71938110384595
2092,71.47228112554663,20.611601123476298,27.215727109582826,6.42572059797934
2093,70.9531932302421,20.367060003299795,0.0,6.413666757740791
2094,70.55057240844975,22.3759606693096,40.103926804708905,6.506443508176165
2095,68.96287440996643,22.882328996408276,44.1932436773114,6.555447163871302
2096,68.59288235809072,24.580944544340372,139.1875265621306,6.419279503823861
2097,68.81145411354703,25.056056609113753,300.10698460454336,6.688975318339324
2098,70.02786824698644,24.210668075904238,411.22352356209166,6.491267834128868
2099,70.21383646103848,26.524356887030336,461.45005259364575,6.396608777686588
2100,67.57461402243533,26.891206956488116,467.25544186151876,6.62121708072199
2101,67.79205045738478,23.999325382165683,479.83521146762405,6.3933895643361485
2102,68.13763318901651,25.910443695190565,420.42830966706373,6.447356758769102
2103,66.78990177336932,24.923110426234537,280.5977033525528,6.474294405372054
2104,64.12094168806922,23.753012061370352,179.21190915737785,6.559446457906978
2105,62.722472928355224,22.688728850416613,20.605053500500585,6.665510597707554
2106,61.81261240249542,21.382722269803747,3.4252705164038657,6.521086139102768
2107,60.75799492546695,20.594609495988824,0.0,6.362371326783402
2108,57.1965934703806,20.5871226782744,12.058000904963075,6.460989089760947
2109,54.54269948190197,19.35013047512401,5.6626164463905,6.519111772104834
2110,54.4135390125091,16.87502957122065,0.0,6.669705104395745
2111,56.07659918485646,19.17785211733513,12.800532367686586,6.574128049004421
2112,57.842249474585884,17.365765265036046,11.108923644058583,6.759240315253798
2113,58.241633712024715,18.84065438019181,0.0,6.870620048015441
2114,57.54690996107145,18.24003849669132,4.8310973695279165,6.5088408716365205
2115,56.821963590386254,21.07428474045727,0.0,6.489027538245598
2116,57.82324402668679,21.713878338194498,10.93779406903369,6.592699155694576
2117,57.3091057685675,21.218129751119466,0.0,6.6645221966225066
2118,55.97314366086304,22.32592389964941,21.852551303462164,6.523211043269167
2119,56.28435434218893,23.154844446753383,0.0,6.405121472454096
2120,58.31695954033152,24.477409808512935,158.2756365766045,6.687846318747762
2121,54.8075401899229,25.381986659183767,324.60644303040846,6.6318935587848475
2122,52.806915283439,24.884271362728256,390.69010136517284,6.627777172382062
2123,50.43959859388565,26.190104159862734,499.4217562865605,6.498741731373806
2124,48.81497944810756,24.863304596482845,493.9377135696657,6.611681349555505
2125,47.04233623668722,26.485501230455366,508.629170272622,6.45854684463621
2126,46.20445292292425,24.38873834838485,400.6775119148223,6.53911160782227
2127,46.50645148642203,24.422948132455776,300.09527517575526,6.35872203828028
2128,45.84853087705325,24.701953259752447,162.42172479653283,6.497347938113726
2129,45.57470966611334,23.96048965089491,22.627525135062214,6.502157828668101
2130,44.24500276323389,22.954524806083384,5.279486188723164,6.366864475700201
2131,42.458707622138235,21.630746035976053,2.3670013131035446,6.5679130831544486
2132,38.59109282652231,21.08336429423784,1.2157536663996675,6.5633132439429325
2133,37.65668089719792,19.63206037847508,0.0,6.522034181282693
2134,36.665194799173484,18.328845413903064,0.0,6.392533835955823
2135,34.98547502131636,18.206152488502564,2.06235164891274,6.488371354545521
2136,36.663762865141855,17.422803990873902,0.0,6.658470910664846
2137,38.051905491346275,17.46882392355079,4.774758505827132,6.357609369994646
2138,37.81398561824198,18.66758671091599,0.0,6.521571206088607
2139,36.30573031985692,19.92500238345387,0.0,6.6203182054689425
2140,35.755209028514656,20.27740725653598,32.30983887780162,6.689160770944088
2141,35.25318740800082,21.548689657933277,20.740106487383173,6.477411971189268
2142,35.54305366504969,22.153975174405645,23.021946908976435,6.565116882303053
2143,33.72508639829638,22.71388926517879,43.35404089729716,6.492430444159105
2144,31.709368740473238,23.781319857807354,137.64255460427356,6.455543575246092
2145,30.77280516852828,23.331760813473267,283.50316062917824,6.394294417268471
2146,31.180645690365782,26.333114502411142,379.56520164656604,6.6987097566601275
2147,30.231846239229682,24.74841384314853,473.1880007660471,6.40721723284273
2148,73.43088953022857,24.511786370943767,492.7753961417125,6.525168760055685
2149,71.93727103944038,26.067568141268495,511.0249754310484,6.577751528221556
2150,70.23624445465734,25.99936938963906,378.3953428679027,6.7222489550657585
2151,68.39204815405904,23.754665100402004,298.24523631996976,6.515724846754323
2152,68.69511038760434,24.73789643888587,155.20841671755343,6.492874036125518
2153,67.71387130353577,22.234465567691508,26.737070985632872,6.783987389192513
2154,66.92254874620755,21.996431102969016,0.0,6.461039060884436
2155,66.49928714457326,22.59896090055328,0.0,6.370232157417913
2156,66.30248080582581,19.417179121453742,0.0,6.690295412291133
2157,64.65452997678103,19.224112257881455,0.36560171517642504,6.346162595394281
2158,63.08440823050767,19.476641791154712,2.4158046500222055,6.420467127222864
2159,59.687961619813734,18.33211324255001,58.34065542417313,6.56793147315066
2160,59.67140169514176,18.007516283660678,21.12576967492246,6.547703330788779
2161,59.74988696186543,18.828743707382912,0.0,6.444932109465094
2162,58.56779072328197,18.134304816717282,22.129235416241432,6.349974076892624
2163,56.316021991582964,17.648482895154448,0.0,6.610853342317277
2164,57.74517939341376,19.472540692178267,0.0,6.435005508402898
2165,58.89413182682916,20.759367797090405,21.09784825103494,6.61328505777789
2166,56.80067210420108,21.607301684085147,0.0,6.815886344561299
2167,53.5125895890179,22.470263102086797,0.0,6.418191207906216
2168,52.651939369459704,23.432977437822803,138.12166533278221,6.639016639576799
2169,52.4886686811706,26.14304418689494,290.3454951734384,6.523215844518589
2170,53.743963876579244,24.525197301100317,384.63007860396584,6.6383495907445775
2171,50.6848018517975,27.254896753417757,483.74489741005976,6.564271447621286
2172,48.72139383902677,26.489737294894866,511.3857864654013,6.508600226465629
2173,45.70369239608284,25.27548352965423,479.3715428682421,6.311639224996584
2174,43.99539717361949,24.91670787072556,390.39338594292974,6.468727000119925
2175,43.45447680571107,23.652732481541157,301.53923270223436,6.632878182381912
2176,43.51734928481799,24.059748674109507,154.95850495238255,6.591655972683591
2177,41.32996487059941,22.89669903532867,0.030879368245111814,6.773581457956942
2178,40.8228445875033,20.870339514947496,3.309831282662806,6.615936759303326
2179,40.903666783099695,19.470672670438912,39.70425637673104,6.421224929563753
2180,38.28770848664578,19.950291146824554,4.569643554363835,6.489660547508061
2181,37.94717314564444,17.595655440501332,0.0,6.626932237676268
2182,36.45594076079843,19.188373780539177,0.0,6.354384396781649
2183,35.30667640388564,17.978221039865836,13.447859397617501,6.721197925535115
2184,32.94143480307227,18.042597028555033,1.381703854485423,6.15225475299508
2185,32.55774683915556,17.71629862828999,0.0,6.385336463173255
2186,30.357175814443035,17.261511530598412,20.191719357823878,6.307781329902223
2187,77.56654109854944,20.157760221306066,0.0,6.562922338375212
2188,76.31375467191637,21.66442437063666,18.112918066075924,6.507808526173797
2189,76.68777985823195,21.38515058187439,0.0,6.685048373082243
2190,77.05188969758844,20.628962179718535,9.306879879157531,6.351007443583474
2191,76.37174702718086,22.547094536177713,7.772944920666211,6.457295556116682
2192,76.25524750110586,22.864428143190423,137.96360409615693,6.486443862327583
2193,75.36411969625726,22.949641370517078,274.36450015815524,6.3374569483845224
2194,74.3484286551306,25.46569007116405,387.07119231403186,6.480232218069424
2195,73.58796499590196,26.159095078745466,485.1770895076085,6.595663243475058
2196,71.80570142990692,26.79726500359054,485.18125772633755,6.592237347637876
2197,71.42946595952597,24.276019022073474,484.42899326381803,6.476426979649183
2198,71.43090769402785,25.674450195423262,363.05938430890126,6.362208879134688
2199,70.67607393429309,24.959263816785928,298.67954206500605,6.458021071871375
2200,71.47927600733482,24.117943151143038,161.41330313869057,6.416514941217378
2201,72.08059996105676,22.7021443900568,25.997424870612093,6.403845141735955
2202,72.28812243325825,23.884117706914637,0.0,6.561118832375276
2203,71.96254616446113,19.96785154710568,0.0,6.346640654900849
2204,70.41639838797788,21.329792971978495,8.20859774501805,6.58182127054394
2205,69.16384062057666,19.247908198941058,39.27105667087632,6.529749418973464
2206,69.99645086615637,18.27392837719928,0.0,6.400501071031873
2207,68.27488209099481,19.19522897344643,28.680020074609217,6.383133450684698
2208,66.57998702586339,18.160745970441287,1.811678469629936,6.569389682014271
2209,66.70284562627154,16.55495259586532,13.552742038497762,6.4781521702346225
2210,63.79301685186503,20.269776754091396,0.0,6.505809310083026
2211,61.477569444328196,18.554070526370985,22.053840921487566,6.500412633841415
2212,60.89078941528504,18.386786424274625,0.0,6.2994343792130465
2213,58.352414790815445,20.547777020910125,24.22855007264861,6.41841939271834
2214,56.94081198990563,20.270761844234073,0.0,6.518508191721895
2215,61.68923457943794,24.54497179432735,10.424315823774498,6.228953263315627
2216,57.4101889526919,23.31855478842414,121.21155977813847,6.4310325316840355
2217,56.465818929218266,23.904091127002545,284.82090974700253,6.412521869024856
2218,53.0845666997649,26.251563272800144,372.60734750909205,6.433464421849668
2219,52.429726294588306,26.253582774968642,504.7196195529058,6.503240404922597
2220,52.453115527214266,25.775118736566263,481.8426238304518,6.533237221650219
2221,52.79995963108364,25.08764340270063,466.13572960285205,6.301712787240261
2222,51.53070655419046,26.081146981178716,428.1538889055765,6.22373157124474
2223,50.38983707541564,24.188567999453987,268.7843463917471,6.091165205975271
2224,61.182449696950684,22.970510234231867,124.50960833403863,6.5664260245606325
2225,50.13302420950709,22.940749908807568,0.0,6.432005504515479
2226,48.819331921322956,22.03245076871311,0.0,6.473315465806535
2227,46.215631277273665,20.627423459494068,6.509702246492353,6.611023193596083
2228,45.41373870438007,17.710634018608438,25.094896746753072,6.6292565221824304
2229,43.9668082413758,20.24302984753257,31.128320711435336,6.5910205005000195
2230,45.82322831528095,18.033755113303684,40.20301700178267,6.575388742035597
2231,46.026044838930375,19.005981832527763,39.8824748146888,6.505059626482147
2232,47.79433779073699,18.776853267218442,0.0,6.497973702777186
2233,46.25022266982971,18.468902949828088,31.606795416459388,6.578629574673029
2234,45.34087276393857,19.0492156634493,11.330049101104372,6.4317187286388755
2235,43.95494761386675,18.460345495982303,1.0938973074925231,6.521611832206858
2236,43.176955964975456,20.471948340812155,7.764012271039129,6.449134306922696
2237,42.164842541792424,21.629384767493683,0.0,6.530146696427632
2238,41.29248974203363,22.849862691634232,8.576420120242961,6.338920012648197
2239,40.79518464484725,22.89363156242849,0.0,6.427950865676485
2240,40.84333992315429,24.387647020030883,72.61003372813735,6.458875177705609
2241,38.55596597792158,24.81250691787714,263.38846802621197,6.435244230314515
2242,37.32439742196702,24.968217722138345,406.1684820325844,6.297073782271383
2243,35.64278541094897,25.34945097790433,507.388230932889,6.4404216756295725
2244,34.52192163377418,26.095137313466306,487.4633135821705,6.333045673899705
2245,32.94041790634039,26.023374730115794,466.8563861420166,6.443782058328419
2246,31.20018436125539,25.365450565417863,423.77319912192604,6.576797006364427
2247,30.462910123984766,24.205645822685,269.4201072509971,6.376281491938338
2248,74.81517779237659,23.259338895145106,138.70241189992137,6.3082041060428375
2249,73.68066268550051,22.69908458796853,0.0,6.466140714687156
2250,71.99387789613326,22.162519558928054,25.97386581986848,6.50247162350983
2251,71.32437374769022,20.82256442317746,0.0,6.546569762918399
2252,71.31314428258506,20.473403445319892,0.0,6.362361278938934
2253,71.64854786536122,18.087114361434274,4.021099746211392,6.427176332049605
2254,69.71907693414524,17.5465505960969,26.31643680032446,6.546250733269941
2255,69.63518852519682,17.95613685596528,28.53672283511303,6.4534421552360115
2256,67.40804955734943,17.032253261259456,0.0,6.41332126572715
2257,66.77969398004895,16.751378388394244,0.0,6.35354286449892
2258,65.03839375779715,18.387660224031784,0.0,6.374615094495409
2259,65.7254155493296,17.46338205097404,0.0,6.2635223836704785
2260,65.31620412355242,19.160827802527983,0.0,6.423965683940909
2261,64.8722810193539,20.63238556031358,0.0,6.6100436968845795
2262,63.95098618384635,20.71311204801202,0.0,6.3978989117074185
2263,63.745531902691354,22.026596058408387,34.6436915435513,6.166190089070589
2264,63.6112090961722,22.726224258198332,151.03947699506097,6.410448828166185
2265,63.3285181250618,25.260660867967747,249.4277379825079,6.361529642094759
2266,63.58659518221762,24.768853126322796,417.51171788529655,6.603468001155819
2267,63.39109125725094,24.31673742568302,503.79052063064285,6.433077166021439
2268,63.82530878888287,25.835350954806948,486.58913677166635,6.440080370679011
2269,64.63263905100581,24.509052488600886,473.71072095318345,6.535068555017898
2270,63.01535866444744,25.279909458808792,404.94305298712624,6.437821214675439
2271,63.424386366822034,25.01574604265064,272.9239651710248,6.555852592427511
2272,64.48335321996974,23.977037247911706,117.93620982093282,6.4880447268002985
2273,62.891041267519775,22.181314795340377,8.943268261714405,6.600150099832418
2274,59.025733013482636,21.822218278990142,0.0,6.522709647456988
2275,58.24819040642339,19.68867720084473,0.0,6.578210768185423
2276,58.026061787664986,20.22643475602968,0.0,6.5517009866693146
2277,57.78938783281482,17.854530775781395,0.0,6.593707999345194
2278,55.270766969547466,18.464659403998027,22.215063448292838,6.5488702665684535
2279,53.99797198857969,17.50609315560604,0.0,6.369345562534301
2280,52.711748841078034,16.857700224621496,18.832380271029816,6.457087714169166
2281,50.965405660460306,17.79568027594693,33.93582197480576,6.311678503993307
2282,51.01532545170965,16.715819577805483,15.262846014193139,6.558603287127894
2283,48.11660456364437,18.730274420332993,31.028755317785777,6.4796431948286966
2284,46.28654605373648,19.93790253650115,0.0,6.5667735659930555
2285,45.699952150548555,20.299974380128003,0.0,6.5302401397527845
2286,45.00713425178078,21.825433809434116,3.2784812718685923,6.358786446807235
2287,45.66700485462714,22.225515233327464,16.14780821307807,6.430270733647457
2288,46.66534221184252,23.008640651769635,129.12651072930117,6.70844869002742
2289,45.41437207753153,24.903106278386524,280.3803899121477,6.755806545809248
2290,45.22266622048386,24.34717406814892,380.9696883819918,6.366777060864687
2291,44.44328874982647,25.071584331496815,456.30271713457705,6.290774870747762
2292,41.80139194103496,26.284749725729107,525.4206019886228,6.408656734996266
2293,41.2357954193179,24.12173557708749,458.4774259230315,6.5643712408381845
2294,39.22953694105907,25.001732642386937,384.6553053587894,6.471301671418812
2295,38.04862276064761,24.125620521893932,311.15739415936036,6.322781857597926
2296,37.86674129322667,23.13506234010734,159.32479424020718,6.443937386536509
2297,37.220852327919204,22.93762373426027,32.478869740325365,6.42783579813122
2298,36.054458916482446,21.609797723308116,0.0,6.521895068976793
2299,34.658258041636465,19.597351079502612,24.415052065094752,6.656561350014025
2300,35.06385310974364,17.979162942597842,10.440412702215331,6.38272136665476
2301,33.166168625560275,18.211655269174408,32.5917723486387,6.412337708514379
2302,32.6521641251248,17.70873113049381,0.0,6.506610965659637
2303,32.55906949679482,18.97864057853638,6.299750708410015,6.522796368682017
2304,30.37556057273719,16.507494390953354,0.0,6.554763135562703
2305,69.17533637291208,18.4426800693394,3.6067738132777487,6.2764413658846046
2306,67.2623524642956,16.83514241382348,1.1970592275936833,6.416920341852888
2307,65.03790993497098,19.624720541890515,23.703260628786808,6.5454227987173565
2308,64.50216310168041,18.74350182311599,0.0,6.20341331472325
2309,62.5354573532203,21.231227303626962,0.0,6.417307029900867
2310,59.31416716419887,22.067897463117482,6.699671109958494,6.658415812654939
2311,61.31463664690673,22.56230398510023,0.0,6.5532136768219456
2312,61.382037748544185,22.56489292050926,123.51089278629809,6.557630986253782
2313,61.72285311864129,24.612893830216926,282.35123721093504,6.549637247291776
2314,60.97064395872826,24.42842065229951,396.2167629118586,6.3447355149603
2315,61.16189124024637,24.927652659009283,464.0536133077926,6.3126521385416945
2316,59.723834486008066,25.989207005643696,484.9495577083631,6.45607643621169
2317,58.855065434896595,24.747146197728632,466.45607570653453,6.539583866679471
2318,56.33381953349196,22.985806470085397,373.03212144189655,6.660447732296573
2319,57.617460415067654,24.167494787391668,286.1119991474685,6.366877013242338
2320,55.200847192462355,25.37482502192601,133.892087010576,6.485908731369193
2321,54.778004372327466,23.30110379664513,22.08955407674933,6.422367461129686
2322,53.302371560392146,22.14227914966138,0.0,6.359354512382275
2323,53.59510411315446,18.12712840905472,54.296338789726434,6.617851988810231
2324,51.695645457855356,19.900972120099834,1.516458619608766,6.22533596491037
2325,51.43387328061908,18.650917499885264,0.0,6.574169425870997
2326,49.90879642133357,19.13861837309001,0.0,6.5771718160043315
2327,49.12171716634114,17.435453913338527,24.747395871271983,6.406699545364317
2328,49.03884921948068,17.888986898262413,0.02934742884221058,6.19488861257832
2329,47.80720617554104,16.559924058819703,0.0,6.358579054004982
2330,49.06345884948223,17.767750078119622,18.69340316201069,6.447096824667063
2331,49.50404375529973,19.434998798202148,37.40277385642611,6.367519191526988
2332,49.038479795080264,19.6649261213726,15.923597899524689,6.336609301070377
2333,48.572915834860794,20.85949837248347,37.78564908500504,6.428787820375919
2334,48.10735187464133,21.464538929360717,0.0,6.267324140630192
2335,47.64178791442186,22.03211058080449,0.0,6.339890985458382
2336,49.109089272175815,22.378283003597307,153.28902024933964,6.387735684824307
2337,49.57439816172236,25.5699690894371,238.75026922225985,6.279837457485715
2338,48.06137313010807,23.891986598731627,396.63338229235006,6.4880737784090385
2339,46.00513517883222,23.397498596767218,453.1423220090573,6.36151479292259
2340,44.03418137799257,25.023577614938894,481.7775421625979,6.387298178515941
2341,42.304635209298404,24.090990313565964,469.92968220523557,6.3234496989258115
2342,42.07177760156366,24.44972279778168,407.2925464630039,6.56242188408572
2343,40.917029359938574,23.46467304007216,281.78912635746286,6.510307538041936
2344,40.89957020847279,23.309455079250448,130.65548798988578,6.466126582910816
2345,40.154140516249214,22.85004205621666,0.0,6.372415627734565
2346,39.576997857890035,21.609089774184557,0.0,6.59735858516988
2347,39.27882177087691,19.65946722734815,67.55536482578724,6.489309785620516
2348,37.316733066908775,19.185562683446815,2.9966145716533026,6.603275049839426
2349,37.12497648166049,18.080447872700002,0.0,6.588737580348251
2350,36.88119874111239,18.814654232879594,10.948755428311012,6.26748647386128
2351,36.897058251325305,18.54846937227338,1.067685449580435,6.502795787700144
2352,35.701994134395285,16.523985131832553,15.15058278417229,6.535656800687972
2353,34.33213656968927,17.387375778611684,0.0,6.495206519783351
2354,35.74791953774466,17.121359262732824,0.0,6.279264789571297
2355,35.351379225391476,18.140974418991703,0.0,6.215543566249068
2356,37.97079136087739,18.983679079121007,0.0,6.264018639479014
2357,35.08095566455526,19.001096563960164,0.0,6.398030398890971
2358,33.23369034602974,21.798794343912157,0.0,6.286758107823662
2359,30.461548053123124,22.538021022611904,10.503386265243368,6.130685017757578
2360,78.59948211272756,22.620244430633885,121.62733505131074,6.320905541323017
2361,77.41460121851027,23.881374536179273,261.42588402980755,6.405207415049485
2362,75.59612361908236,23.772975899862203,401.06682729365616,6.4858411086858645
2363,75.32069966895064,24.74340237489166,500.12755260054985,6.349504681998921
2364,73.84938176521503,23.551825711269455,508.04395649824704,6.447134205869179
2365,72.88606413856216,25.058073734708127,492.8377760911437,6.4073607943688415
2366,72.48169357421999,25.12515065755234,388.82810834966375,6.376266711758327
2367,71.80307481247227,22.970015570983314,283.1652081801966,6.412809900647922
2368,70.79030626483595,23.451226766345002,75.66455780103705,6.410488370990066
2369,71.42342601258785,21.84072066096379,26.54159502786809,6.09563545716604
2370,70.21578692388496,20.602184817985428,0.0,6.468593918711396
2371,69.99815639133645,19.83868043529475,0.0,6.272388830906668
2372,68.46188498479769,18.488665782196502,0.0,6.293404800109771
2373,69.28438200498559,19.933789268821414,0.0,6.543602869048585
2374,69.57672181683442,18.058991280189677,0.0,6.236109612785396
2375,76.68126012019333,17.65592397618057,0.0,6.331098004492719
2376,68.87547025596587,16.94363398129227,0.0,6.578162774157138
2377,68.47127090985751,17.766498786484917,0.0,6.518639153544542
2378,67.88765933838745,17.877905777194428,0.0,6.349674551582648
2379,67.09665969892292,17.778438275676056,28.275494549858543,6.358064177376986
2380,65.50063556056789,19.21732353034012,4.530855018619921,6.563044882366808
2381,64.34022950440833,19.86811369300592,18.03986905500275,6.315083699904395
2382,63.98275901142174,22.08037598602409,37.25738242800354,6.4222545088964225
2383,63.89757729999192,22.83578488783719,6.824687433668544,6.632688183896819
2384,61.998841417412805,21.957326266582776,113.85910781900158,6.591256406757418
2385,59.416688452529776,22.74010447878144,266.4120427886406,6.5262011162800375
2386,57.18487599226172,23.80454479492614,375.6069278473042,6.447646455829823
2387,55.3327706644411,25.394545875293552,489.1998422063982,6.599786688351401
2388,54.11041063040239,23.81656898058078,519.4268856908296,6.574707130467791
2389,54.23464969982078,25.563268495580814,497.79040535486706,6.470279011033753
2390,53.96428814349134,25.268019953886984,395.72308872217076,6.562845706857276
2391,50.86411602438006,24.47250651414844,263.55740858462076,6.635961221744764
2392,51.22282768218239,23.98076390876857,123.26271145573091,6.468319139802771
2393,49.28361130833778,22.196071079570785,0.0,6.422392096105751
2394,47.06393491927585,22.356896618278277,21.388947762483795,6.406797791494218
2395,46.023403547271045,20.41739575307095,0.0,6.578552931443129
2396,44.43431868711201,19.09031943166303,0.0,6.446736783627094
2397,42.858285212711806,17.434798661471145,21.93226366924105,6.355933469841012
2398,43.053050806565636,18.475456822772845,0.0,6.294161872859859
2399,41.136030824314,16.814747110455308,0.48214336575789546,6.372795984072573
2400,40.33482181004027,17.667855164421375,0.0,6.700198756770247
2401,39.64131015863543,16.619331274162494,1.4522166847243787,6.320186309538254
2402,37.73713289122483,17.591162564138067,0.0,6.268064684810659
2403,36.568722734138206,17.559347013999066,6.118401420948258,6.375405023714061
2404,36.297391218995294,21.055923469922448,9.551776391060097,6.287322559941026
2405,36.475186143665645,19.70383304218314,25.557286747802593,6.444351195500633
2406,35.590715478483595,20.196987674712602,43.54640762084443,6.178396627366966
2407,35.34630168624824,20.87995520233303,0.0,6.573885453920786
2408,37.26301235916564,23.268621173095774,129.58139368530453,6.418957402735044
2409,37.8096783184328,23.674480402100595,253.425905124437,6.145645394887636
2410,38.43771985593155,22.064638730168163,400.72179232274505,6.483522601801377
2411,37.88064721676015,24.545102607397983,442.71961005073314,6.649845334235795
2412,37.20365329463253,26.316798741502,457.519458482423,6.31459244502455
2413,35.04742952140091,25.354233155481595,461.6773212512004,6.495178851147272
2414,36.43702385306045,23.935287033836474,392.55250664911426,6.30694903961889
2415,36.48613677057772,24.57853928858616,271.7757625018559,5.946501718451198
2416,34.38068906896876,24.6580088814906,68.80566403699714,6.301372921162607
2417,31.569227084615537,22.232398231965597,0.0,6.215101322053192
2418,33.492875201357386,21.036289407269564,23.65800978775048,6.4582311185016765
2419,34.4367766549519,20.00634958458327,34.669069332096036,6.3227945163965975
2420,35.52630270762702,18.598634997121025,0.0,6.275761255919764
2421,33.52517587230453,17.62319085713405,26.854188778881888,6.4403030639018155
2422,30.523778830987716,18.749692839947915,10.272185888304437,6.487357719575684
2423,69.29376238567455,17.03134954566298,40.03844918496722,6.4026817131918525
2424,67.87614177805591,17.49962059793805,0.0,6.41180809725207
2425,65.93927411209316,18.407759462168773,0.0,6.267221802258168
2426,57.85241774316762,16.357144822191582,17.056118011135496,6.476585312955465
2427,61.8504876105555,18.4733710408243,0.0,6.681110370268869
2428,60.987436255380274,19.644327155251744,4.687193814579646,6.4517432095160325
2429,58.795691313403566,19.948745177974345,0.0,6.373528785933843
2430,59.165679422692335,20.152219028621747,0.0,6.550216778096219
2431,58.76953483739485,20.586944912026283,12.926403262716509,6.564557706083688
2432,58.44639592134373,22.57732072882989,132.38496150754833,6.2941752264002195
2433,58.181220007157684,23.89856748900711,263.5546735144622,6.485777073886108
2434,57.63697232544191,24.26281631485788,367.69543175256,6.373149567162921
2435,56.956358712181654,23.873611101813864,432.9382899717142,6.474872719753486
2436,56.09762748028156,25.714901718265565,498.19550804199685,6.580684593184803
2437,55.199651981069024,24.066046951492485,469.84655115370805,6.314225404430677
2438,55.24237583535641,22.943929330953267,397.15533382810213,6.327558399993852
2439,56.56781216965497,24.24811244290798,231.17001422273927,6.568241541840711
2440,56.353857675415966,23.131918309813106,100.5036097339465,6.286605273053762
2441,60.4949977574374,21.30322884926507,34.58601732089513,6.20868843114185
2442,50.154117760949426,20.84794348600132,33.41701058887321,6.652200108624605
2443,50.957447125781115,20.53656205426492,0.0,6.237470672129906
2444,51.36398513662999,18.362582624189596,28.48900989814546,6.36007080121478
2445,51.4396925638682,18.384366345020943,2.4121709522715724,6.467094849572983
2446,52.640341600185195,16.963546588325983,0.0,6.446992274214838
2447,50.95234768592618,17.67001410052871,33.6153142677638,6.387348477764372
2448,49.28833663559459,16.11705652641235,3.4512348798176804,6.719484301111941
2449,48.77872235437189,17.190930427248272,37.50450776966777,6.390520691406359
2450,46.96429953432742,18.05562019100968,0.0,6.402062302106412
2451,47.11079830301938,16.903381702526406,0.0,6.352367083426709
2452,46.45964801653415,19.367914256364,0.0,6.523476211552701
2453,45.45021465814604,20.566881092168753,0.0,6.381377438718592
2454,46.63658230402401,21.48899711243302,0.0,6.408204650288403
2455,45.855796185877594,20.035558964295586,6.738065279532321,6.43225193239509
2456,45.39449005914235,23.56978184434758,88.3673151717498,6.428300535916621
2457,44.063129941375905,22.388068846189032,255.25402031296815,6.341341908655033
2458,42.467442187179465,24.507291735637818,398.63266944905575,6.218302188615738
2459,42.190864930434664,25.252432607170185,468.63368359452653,6.3359927651825
2460,43.761022503347576,23.965259842405324,453.7562599412341,6.306130229600503
2461,42.88879476643753,24.445756086133354,464.4217580995554,6.4114878192237805
2462,40.642622596628016,23.704301946405735,374.4624127720962,6.6324799208311545
2463,39.69129192235936,25.67245071447141,270.01495203811834,6.161068249175486
2464,38.749280364420386,22.414930652603296,122.29035698952312,6.3993377326296565
2465,37.49276697957827,21.240954941094248,0.0,6.4091304846811346
2466,37.0010082455243,20.980475072049718,10.193324180000463,6.495288864690403
2467,36.05678763673807,19.255159393001076,0.0,6.386845439412207
2468,33.82363164509877,19.127699143063467,16.698346948535075,6.216165277193528
2469,32.62305281712365,18.67685937371464,0.0,6.409321152030816
2470,31.16642482660468,16.5753242571556,11.398027928852839,6.481638334519887
2471,77.71166820250512,16.35750897974553,6.859125349106118,6.300335911041421
2472,79.06727381614449,16.720013201134496,11.545247344018389,6.194379104531995
2473,77.72407404943424,15.280754146711256,0.0,6.544104017549678
2474,75.98265260704683,16.828025784709524,27.69742187588088,6.416084008669851
2475,75.88230919113279,17.487998981707175,4.738092593506438,6.356220496261008
2476,73.49621720825706,17.892875588510258,0.0,6.3740640087417795
2477,80.5808289091423,19.15719769922778,0.0,6.3694720360668855
2478,73.2722192526829,18.518834004695083,5.25283975743381,6.194486693223173
2479,71.861798366733,21.41855211365342,0.0,6.269979076982536
2480,64.80228347262874,21.556244731560003,103.23010019140102,6.636925185210672
2481,70.71068052742258,22.4013522864719,282.18611091845924,6.316178623948853
2482,69.81627308051681,24.860398914577704,436.95760066526105,6.573965218455789
2483,68.47110949832847,24.268984363222028,491.1840737736946,6.337009824407382
2484,66.83873281487641,23.92730034713889,509.0269509572926,6.226745431231737
2485,64.57220104201691,24.479008986687663,426.8355035339307,6.279203875039455
2486,63.358954778504554,24.115660156065456,386.3546831143978,6.390148182692647
2487,63.249822537770584,23.098219950016542,272.2282089343566,6.291146889664131
2488,62.72824130186478,22.267882714147866,108.4648923612869,6.281194184996503
2489,62.44843776342664,21.296686321107387,27.725521641616456,6.508045755111602
2490,60.04629202460299,22.643756150172013,0.0,6.482400236877154
2491,57.96237457066559,20.12258220691604,0.0,6.52029036405188
2492,56.67096068935025,16.81603087561576,34.69525586247154,6.240032466800868
2493,58.065265201741376,15.981196317007079,17.317231166675743,6.496731138402345
2494,58.1846921744132,16.850451840905954,21.50781108832828,6.5017486398409625
2495,57.842655742127214,16.940650326292335,11.332498984821411,6.215996401303732
2496,57.1750025557321,16.818727621726104,0.0,6.19993322404019
2497,56.4967333336969,16.15453488013719,0.0,6.419248335081454
2498,56.60162767293476,16.85786259675947,9.924971324908562,6.537098475130541
2499,55.30715197619466,18.04117261562035,40.72695029312434,6.449582221296314
2500,54.842259724045974,18.94345962082059,33.52846835688147,6.446282851071753
2501,53.79757779866377,18.17238457329081,4.290571389945027,6.306223507260699
2502,54.091750017856256,21.00799530894495,24.718864044562068,6.116751761421446
2503,56.25140880034505,21.486972183511064,0.0,6.445531713501556
2504,56.11367488522206,22.72136388516139,58.74718266800092,6.248924556141469
2505,54.87847085841889,23.4110530992207,228.29527308719938,6.312517123949796
2506,53.84813094603735,25.669932085814505,386.75437062804326,6.319879462155545
2507,53.75018918378135,24.88259111183434,474.5554778953713,6.339251409222666
2508,53.363846867763726,24.97715957328464,484.81632907664994,6.260604165075489
2509,51.98912248981795,25.13712036836085,431.92396221545,6.235615589340737
2510,53.31874408109084,24.306280281734974,363.6713386950514,6.403444776995029
2511,53.270400766149784,22.700518612518714,233.50160437531503,6.22054775814407
2512,53.13223151762269,23.8738607093847,84.40112612814391,6.443275209888708
2513,51.458819459753215,21.990052743556046,0.0,6.05995652534631
2514,52.25240565112289,19.692252523832778,14.004196950375308,6.245140227558008
2515,53.52126868425824,20.49648869568651,16.036385804021045,6.1797266039640615
2516,54.21008768365829,19.12143022553697,0.0,6.348854863068501
2517,53.25369296180624,16.780479174705814,0.0,6.63303961175142
2518,50.32815931639727,16.8636450908679,0.0,6.2545676746360215
2519,47.83592886683667,16.73107285489495,22.187603340328824,6.350826442946713
2520,48.13252839613039,18.03777964821556,8.184251572130934,6.298889048081891
2521,48.52627783768944,16.206569124859193,15.59545620806254,6.382547073703899
2522,48.50859639721806,17.44112589797098,0.0,6.370870821437018
2523,47.991883953969136,17.38724143195097,12.083930982994005,6.357433284197382
2524,45.95538375031339,18.885206104793046,29.624731832471895,6.441061731900655
2525,45.42285481304496,19.712793346271944,0.0,6.277612559404354
2526,42.84133254555684,20.494932687627795,0.0,6.497677496501361
2527,41.73718219934581,22.547915447903158,0.0,6.520609578151459
2528,41.72427387930391,22.856758221700243,74.68481991601246,6.5102135201364915
2529,40.287413471579434,22.61812377631725,256.21124967408554,6.37630867009884
2530,38.30277044907567,23.906119439462525,379.89214495530484,6.283791457780125
2531,37.728678910271725,25.31505928283143,475.58952794500965,6.3072033807033145
2532,38.66455267562992,26.85619703194808,505.01028407511194,6.270428939140953
2533,37.24699156435673,24.022642612002826,464.1424208991185,6.413843879050719
2534,39.20044371027532,24.648940090958163,349.34214120356575,6.264916531722203
2535,39.88724336680982,24.01035385287417,273.1323606783004,6.514973274670514
2536,37.03109010066474,22.428531307623164,109.06502567552927,6.283818112387642
2537,35.97606631547934,22.252415957936012,13.026919549032963,6.276417880015007
2538,34.42133291945035,19.88189048827752,0.0,6.370393365326177
2539,35.24903762422237,19.358987602653237,20.117179689317148,6.3725089751829165
2540,35.100726157153346,17.53653613825683,41.13171641415192,6.293498020385326
2541,32.52159042489963,17.310272004288908,0.0,6.365308187966469
2542,31.407530364285808,15.992695842592937,22.528674334920602,6.542239118553609
2543,29.530367963532328,16.896781239998464,0.0,6.302585128606317
2544,75.49863641318605,15.526346537871978,1.7540699544866236,6.393178909759872
2545,73.47120721059031,16.001811838835554,13.63986598508291,6.46603216304859
2546,75.03952880104808,18.315548366549653,0.0,6.4520221232339345
2547,73.95717908775916,18.18438583968712,36.532941586238756,6.391117864859335
2548,70.47078394213774,17.038528654926505,7.785138428534546,6.393405316560446
2549,67.13730251755362,19.044214984989093,18.994007685557396,6.3739604210064265
2550,65.83553375810338,19.658493954355343,8.279917374430198,6.337354749758194
2551,64.48639865002264,21.388249833395363,0.0,6.358194413173398
2552,63.13162574905728,23.705176644267286,100.44409291116453,6.321542087750225
2553,63.159094049941004,23.61616529034792,239.2904824132448,6.301708208252843
2554,63.743505736289634,23.293910895258104,397.53145499706983,6.231990314173867
2555,63.46621218322413,24.237909929692538,456.31127641390657,6.178359197390344
2556,62.86435561373821,23.615057102811754,529.9616872341142,6.229124582370564
2557,61.23307347059201,24.311494551188844,458.32219302099594,6.358875508730322
2558,59.17738174650165,24.364508851265715,369.854021787911,6.45343461235369
2559,58.046578856911516,23.705638467905736,261.76726553357855,6.421410359555928
2560,56.54784891571827,22.066466696021052,88.79917103103277,6.577213555349451
2561,56.38081177780241,19.98502624485875,9.102927618990371,6.433751626080366
2562,53.23268826920918,20.380178534141248,0.0,6.225544528636629
2563,52.512551849129466,18.249517591206406,0.0,6.32930973723715
2564,50.72019740665298,18.485784111072192,0.0,6.495845897383471
2565,48.920830753778894,17.454352220546717,35.69117777707172,6.321173334468211
2566,49.10190899141284,16.3386060458319,2.3815313644921794,6.057982763688398
2567,49.507915898493735,15.880248282020482,0.0,6.117050442398422
2568,49.38748298658056,16.506639140191815,0.0,6.5785408004144035
2569,47.73888263078146,16.597172103287928,25.68160553084574,6.311821425190682
2570,48.0844057836109,16.68343316846271,9.431681092580405,6.447756295440842
2571,47.15953300815969,17.007977436904998,0.0,6.342447632182798
2572,47.29563861814732,17.42238204194991,18.833067818810104,6.589976308227637
2573,45.83795281757531,19.0885442180888,6.185567702533889,6.306715738927066
2574,45.449098835133846,20.50967033830321,0.0,6.343115761165749
2575,44.60550466929446,20.840228426663742,0.0,6.159477493364612
2576,41.82906033005462,22.000750548189476,53.21592971667388,6.179096006986638
2577,40.43095693177815,24.27808518746362,254.91420105736157,6.268642977154359
2578,39.31387567343541,22.813208428292974,379.67725433901285,6.205215403877461
2579,36.92067498509759,25.933509076147956,449.7321922662076,6.312818357115848
2580,21.42640754472164,24.09271740460386,502.73883566936206,6.264477846479022
2581,36.82214572298105,23.34882930826923,475.3928032082595,6.350871655205769
2582,36.83443500085261,24.097327963813058,363.9109562228731,6.349565123545828
2583,36.92923083496666,21.72828623228127,239.19462656375072,6.316138406244522
2584,35.450976858793304,20.858336098613684,82.77333044401719,6.294377321411213
2585,34.62933044770463,22.10662034530041,14.011907945542548,6.347057035699073
2586,33.50632127737906,20.217535761888158,31.870479972189642,6.409102930793627
2587,32.288620812836704,18.36097477002466,10.214710992145468,6.210088195422558
2588,31.61975119165528,18.549204070048965,15.483590370864535,6.27701641786953
2589,30.901081298255892,17.139419210899415,0.0,6.398497079126357
2590,28.55158958838549,15.924572271371876,1.8521600245298906,6.298117025869097
2591,69.5034326886151,16.483056928465466,11.26746083529765,6.245867692036869
2592,67.73399266556305,17.303212692226616,15.040927672376593,6.326124631836378
2593,68.808251103781,16.373641406958804,0.0,6.3991149420556
2594,68.99419998797856,17.032035407379865,0.0,6.235657459802564
2595,67.68001233895403,16.93431274998649,0.0,6.272175226195807
2596,66.88383197466807,18.370797471010228,0.0,6.462704467113214
2597,67.8479599468894,19.43658803040123,6.689414101169704,6.352341834479909
2598,66.19095901772648,19.040486173280055,0.1613351882227218,6.322739386134389
2599,65.12077651983412,21.181555251349373,14.706749065050142,6.284329383840998
2600,64.29706542043782,22.16991565532533,51.0578398154468,6.271485950768325
2601,63.56312795206233,23.87966193674768,253.39851353586087,6.134162623171729
2602,63.517836572269516,22.37372615819151,393.7015161766546,6.190202068158831
2603,62.374669999150825,23.479407096360546,451.18855799898233,6.269473545922609
2604,61.22941248400893,25.52686842928021,486.0151187154185,6.330859967235743
2605,60.85005559306427,25.20687328358563,485.8895514728023,6.178751883404283
2606,59.23727488009798,26.076353464456865,407.86877653156444,6.2280709159569
2607,60.42873226054589,23.15253295423873,238.7873981689193,6.462287565146008
2608,58.93719439222625,21.95915305278289,90.28083193129574,6.367486149148576
2609,58.29897098375992,23.019941966448208,22.732994127510914,6.222949679907241
2610,56.6073918755541,21.482393549023985,1.508182578493316,6.382343167991464
2611,54.91581276734827,19.094880971898608,19.47533871878186,6.427217189661325
2612,53.22423365914244,18.213852943514265,0.0,6.3183163963812
2613,51.53265455093662,17.308335183635055,0.0,6.130428645650919
2614,50.60543490951734,15.625691489612475,38.58539993242565,6.311332328933746
2615,51.81094254515757,16.169176185268896,37.98767521935893,6.329663755566695
2616,51.495445090172446,15.86618155197294,0.0,6.291176904778307
2617,52.24178872617372,15.889815305411428,0.0,6.420971117904825
2618,49.05874491669517,17.797374146038457,27.18770446461488,6.151356166494035
2619,48.194258810029574,16.403811519537847,15.373642737734396,6.409996080221127
2620,49.03481229476676,18.67408033561919,9.464341316239661,6.389268872265946
2621,48.349312432155,18.96337231155958,0.0,6.307388324402348
2622,48.03233312700877,18.855159083388013,0.0,6.331087754223602
2623,47.611998653038576,20.59098628320357,0.0,6.2187643488337105
2624,47.19747328239622,22.54784540938604,89.40650325108709,6.339485110096203
2625,46.23288949420512,23.095222859326324,271.003765242614,6.414746155915144
2626,42.62672293316464,23.504974845300506,400.48394619135115,6.3041102775372915
2627,41.81204345475251,23.539992926528864,461.63773138592376,6.071908792532848
2628,39.12944585460615,23.73394103777231,496.32022679794073,6.375966222630688
2629,39.32145895592025,23.60888709601151,446.09314977088195,6.4057832459696415
2630,42.6231063511763,24.24376057883175,371.69837176384925,6.419585310466004
2631,43.431063479583074,22.675931784001754,185.22707247537696,6.208577125455321
2632,40.92223268965687,21.982727667817933,49.402525792033515,6.30909602253507
2633,38.7123896696094,22.276287970883068,39.63202805302701,6.52460673611335
2634,36.3958683699064,21.785292853148217,0.0,6.293116536138952
2635,36.10093349537924,18.003782172410393,32.148386941627,6.495930200131072
2636,36.88346132460784,17.928045604192395,6.133938840596752,6.313508267871774
2637,35.660151945076265,17.44161168432592,18.889542643970046,6.364754662018771
2638,32.79229140485487,18.442224562929262,0.0,6.341717059900836
2639,31.593469001409634,16.985172813983564,0.0,6.2633766420498524
2640,31.382242879992397,15.856404297429915,23.201650247972264,6.470575026694865
2641,32.759115965931024,16.46636716481401,3.159253955059218,6.24330669269862
2642,32.612438082831744,17.18599181511109,0.0,6.345422962323582
2643,34.30780512729807,17.19062689071224,0.0,6.192845329566102
2644,32.60381133419247,16.980542824036906,7.995598352337022,6.2254717435045555
2645,34.915822702014964,19.286434774653124,0.0,6.172816712157452
2646,29.927639995448832,20.851905758851387,8.978854363859952,6.516939985796952
2647,81.00112821233341,20.83311724723303,50.06475610138977,6.310101277476268
2648,80.66782341453857,20.94923631731835,22.851402754406692,6.172161429104362
2649,79.48905179289514,22.976550330976636,215.78892763539963,6.096551473341499
2650,78.5328548252494,24.903692426877814,350.83865132384784,6.354256241583186
2651,77.64453274054443,24.3733723322319,445.29239747003635,6.458788398389619
2652,77.33043926141298,24.19205573539534,524.6481819449336,6.37297745893617
2653,77.07187449728974,22.761005933985615,477.04265053982306,6.1751466271415145
2654,77.21637288389714,23.981703586456273,349.1332210918667,6.289168108960822
2655,75.1163755339645,22.420622064787594,242.88887034537524,6.350159694885971
2656,73.22821868444527,21.474308021803825,64.32732514214271,6.415130161857583
2657,74.51479873801178,20.170606472866993,0.0,6.172753501190974
2658,71.68512266779044,20.64752850601816,0.0,6.186330071141007
2659,71.87353882989467,19.21477723290003,0.20975965347750886,6.139156932634433
2660,70.09293783714882,18.72006606280417,18.825254459195218,6.334970237119742
2661,68.74469764367831,17.47630961118506,6.541504361066152,6.325721542282434
2662,69.8643281704707,17.195728711234327,4.121739690100002,6.379171556256321
2663,67.16320848230075,15.153694064096927,0.0,6.405267858275474
2664,73.17132884908293,16.66008035784911,0.0,6.448553120031149
2665,65.94717891242925,16.26523720984164,2.710360055835909,6.2725310325141
2666,65.66186412323773,16.994691012447724,0.0,6.419376568927021
2667,63.00595098008013,16.547381845922253,0.0,6.418541152696604
2668,64.61831344907763,17.080251551507384,0.0,6.109398251987326
2669,66.04348951688186,19.364342665352787,0.0,6.086919589730046
2670,65.11371492472762,19.675943879587486,55.43579218983279,6.091063734458838
2671,64.15813052940042,20.462489816019627,34.827673105734114,6.640372065453597
2672,61.66496518660577,23.036427648158153,78.60578565596057,6.115697725652144
2673,60.58602859811707,20.758401025557195,240.98479400239233,6.294669464196644
2674,60.37160185552345,23.92096513786882,367.6498471147257,6.464155865192602
2675,58.799780901186644,23.35622554952478,486.3347302604083,6.298196306217593
2676,59.787349634906654,24.760739298367913,506.6860539525052,6.47414541518809
2677,59.2372901645752,24.169947089174507,450.17362399183656,6.452290459642979
2678,57.30201354695724,22.802785736537263,377.75411867347555,6.5181827620718185
2679,57.171735729902316,21.599338669401014,274.4422296505973,6.152313985265332
2680,57.666394478548014,22.48861217204403,42.31387469447194,6.172499601440435
2681,58.079922238669226,21.863868757440063,0.0,6.491098529323276
2682,56.61896536251754,19.608895056608524,0.0,6.332560574784407
2683,55.79153520722465,19.15019286355598,0.0,6.3991488827232095
2684,53.751123872207856,18.64294666163538,0.0,6.312139804068437
2685,53.326831814878204,16.461382023401633,0.0,6.290656056538147
2686,51.50504510778945,15.56748504677934,0.0,6.363375063597283
2687,50.309700671289015,16.493045411662212,0.0,6.228489709212286
2688,47.0197402851017,16.497409325195285,0.0,6.1543304603905975
2689,46.15100328704185,16.47427250495473,0.0,6.1812147084087625
2690,43.49524440643635,15.822854390383428,0.0,6.208926718159881
2691,43.69156338998403,16.28939153774933,0.0,6.522763937548837
2692,44.64953572294127,16.519436156961728,0.0,6.217714208825714
2693,44.05367719503484,19.691103015948748,0.0,6.572888942322216
2694,41.59262250918922,22.155884205693273,3.892960078116136,6.336746767005515
2695,41.80434607002577,20.493232230531866,3.3267773190131167,6.4399470862534525
2696,39.88741859271123,23.531004819000795,41.58387465157179,6.33027139456819
2697,39.56452597705174,23.815267620234216,211.29889678375415,6.2333316754169
2698,40.32231852644733,24.529087619684937,402.09044212856355,6.108848434936074
2699,39.23509215486155,23.428908589295297,472.7279375507555,6.481179323750487
2700,38.650361188275575,23.92284174681372,499.7267415332016,6.210060770993228
2701,37.820415892875815,22.911614959249416,464.0272854143814,6.341682005061553
2702,43.95272453359807,23.49483830084913,388.31787887141496,6.391581748145398
2703,40.67283113646183,23.169320118149958,209.37238313416265,6.225745886129041
2704,39.00892658419078,22.146497306212865,94.00395670936598,6.297360415315895
2705,39.444188984589424,21.37906422874205,20.59133847645502,6.247074805394199
2706,37.393918926368414,18.709093872765216,11.073110616150327,6.424049963336492
2707,36.159218346730704,19.003571474013203,9.026456494868233,6.155199314591803
2708,34.69259277858382,19.02649440018811,18.88432752570395,6.4286644582870505
2709,33.842204931270985,15.92390596501509,2.2167275738444476,6.120426819491452
2710,31.350476353045327,16.573083329706968,1.8725572291061123,6.22155910053087
2711,30.092001322536838,15.262035124560938,25.41691242151096,6.330917634941711
2712,81.7652744461728,15.358369510536212,34.889910987197766,6.276834135086415
2713,80.1225535897556,15.62055707118287,0.0,6.580958051110574
2714,80.15587284102668,14.401348357542773,21.062429050476055,6.224858303040607
2715,80.21799383135401,16.63008645224155,0.0,5.801903521086739
2716,78.85578929209747,18.228150807428957,0.0,6.1818893492488245
2717,78.4575065599084,18.59005540033175,56.01753895218782,6.34316187636632
2718,77.43258699909583,20.18657254616953,6.99655825360176,6.392291075713271
2719,77.39588225515708,20.037328289779087,5.7761110666471405,6.347816211480437
2720,74.74404958663374,22.46940840159505,26.099171264717032,6.510492681876667
2721,73.7125697982399,22.63115530095636,239.9270702353918,6.2644425681950215
2722,71.76361821014638,22.653452033986945,384.27481033394497,6.079316905460453
2723,73.16012439812368,23.648143429781502,487.815172634993,6.2018441260328
2724,73.48756171629842,24.745145987130407,495.9949234637445,6.522864216548987
2725,74.48210077819604,24.110855953682794,468.22039858805647,6.324637320709992
2726,72.74263326003745,24.249621788634144,388.4119092946631,6.282534603757892
2727,71.40608569968241,22.881897266096786,211.17173994853525,6.163255436056631
2728,69.50474718757364,20.655999386693132,78.32091204823573,6.35841354698499
2729,71.4861787545034,21.707940927316187,19.091591622123566,6.32832173028539
2730,74.0768003724112,19.864833209206118,2.8397890115118547,6.435023423699395
2731,73.39665838521199,18.88590572064542,0.0,6.3002472128528435
2732,71.9569615138022,18.255748771911215,8.877856780857732,6.430737949898895
2733,73.85831048716298,16.781598221144517,0.0,6.514075102377531
2734,74.00214387338603,19.121007366252865,2.3030462888095133,6.12678965682899
2735,73.15077566312141,14.787402111457853,15.740669438996946,6.189892205129408
2736,73.91510243930074,16.462233356969236,0.0,6.387582927722533
2737,72.82694190707416,16.576090122875875,0.0,6.088889261222512
2738,72.13158585818597,15.668206211275841,52.50611160537823,6.256803919624232
2739,72.62282242274534,17.16498935030993,2.000237482427614,6.342433373309114
2740,71.19470582584286,17.43280497572402,0.0,6.2489875941033945
2741,70.96531610225614,19.469368759365437,17.528307329292797,6.341150288552454
2742,70.68808084936079,19.704255936467927,0.0,6.297074479498975
2743,70.50613371465388,21.030241722313768,24.195763756876207,6.059806538353852
2744,69.62693686087827,21.62524941244283,74.14596484641484,6.28814709003749
2745,67.41786584415851,22.705501165313933,224.2768109109793,6.151062603005107
2746,66.53161333703056,23.298663822900437,372.3352384027067,6.162366029418064
2747,65.78005861685142,23.288870008411394,476.424543808219,6.369153662494484
2748,67.41105069050882,24.50393070163903,510.9505306087124,6.36412737341466
2749,67.75603831039028,24.10652470528984,441.18945723125665,6.419417740638707
2750,67.30619169921765,23.289611706426,359.0269771360629,6.376158872736107
2751,65.2648890241026,21.87378681991576,184.31141720123222,6.143464600101693
2752,63.68887623167505,22.496949329811926,60.24027032399589,6.1440755887786125
2753,62.869453767470645,21.745679858683207,0.0,6.304339742771281
2754,61.287008287539116,19.109950247193293,27.42197627823844,6.279212942158758
2755,61.530948336141975,20.602686861008085,8.334286985178322,6.269366607168521
2756,59.73269117123326,17.166466004809003,9.776917796259758,6.563208288396558
2757,60.06119368176769,17.62713152865887,0.0,6.30121985179892
2758,58.49837747471766,15.915844928672714,0.0,6.19006623120979
2759,57.47096588495937,16.164273065982666,9.104164962032943,6.297410569162898
2760,56.973361720043734,15.236712201568862,0.0,6.201149634056091
2761,56.42547045329299,16.655359354612745,10.133747590383702,6.18270478036658
2762,56.37950252741662,16.130944467143323,0.0,6.180534336624259
2763,56.63445180157916,17.863216860204382,0.0,6.210652653682524
2764,56.08866556303733,16.70479443574637,0.0,6.1661498522924
2765,57.1124223408448,18.759551865509632,0.0,6.227930321165782
2766,56.1541535259982,19.57691155056531,0.0,6.194891327087222
2767,55.26903238592759,20.200601861929073,0.0,6.257441624058027
2768,56.443304449950375,22.149350998415414,59.88317194994572,6.417319217304395
2769,55.8263461860533,24.084662943264846,236.65898501042923,6.168766627323502
2770,56.21342674316281,22.661612133146278,376.01532570702545,6.290308427078216
2771,54.26396029482164,24.14910752647961,488.6764031605938,6.3432350945953315
2772,52.382677168485216,22.919663149809427,498.96837485568847,6.177559822041992
2773,51.31062086644562,22.948452203444628,473.66620038879586,6.036311030478077
2774,49.519673033962974,23.500540348393777,379.906052076174,6.389516397475135
2775,49.5619254632861,22.432331544559062,217.35710435249135,6.399515157187372
2776,49.11554216160617,21.9655734968893,25.10860497771695,6.301317066015886
2777,48.88175986662842,20.307899847743528,0.0,6.389412790341826
2778,47.82044701055277,19.680469629704728,0.0,6.395063760200267
2779,47.4454589651189,19.533343532911292,3.792947940239764,6.025929135638165
2780,47.86628671848567,17.3559457208207,25.458204344948477,6.262614960709785
2781,47.821190463740585,18.967258217074445,0.0,6.284741686772317
2782,47.0466646997642,15.587265780428204,16.44221694565626,6.28704270415249
2783,46.531760171444176,14.977928242822466,0.2864080440971755,6.209573537214926
2784,47.05624465200208,15.593526145639748,0.0,6.287989920444879
2785,47.399559535039224,16.020152389517705,32.6921769765853,6.526661066728104
2786,47.005212678599875,16.533863288924227,15.072022183196282,6.02072498060003
2787,47.01213576162703,15.350055093017348,0.0,6.214144299921195
2788,46.795142236854396,17.79679454215309,42.20685304192755,6.188619429373677
2789,46.58093690437811,19.302379658971322,13.176982822544863,6.338871815492995
2790,46.72899063599156,19.664642375066272,5.325907128812469,6.19195833019252
2791,46.4828066678853,20.33290124358773,0.8359816945899445,6.272400092498248
2792,45.74466013334844,21.57190134058056,45.08432488252626,6.295431375292041
2793,45.00651359881158,22.290180844290855,234.97046507123665,6.374801790679149
2794,44.26836706427472,23.530456292038338,381.60612232024744,6.425716042605286
2795,43.53022052973786,24.08353673460862,450.39499156023027,6.241288690496903
2796,40.88451397810659,23.906746223429522,502.9777320790754,6.081782981568046
2797,40.342776472321006,24.638636892352725,443.217565184013,6.291766579326966
2798,41.284109595504944,22.801848718745784,352.7509146650123,6.348431375108449
2799,40.529853260520014,22.942283247712425,237.42268513721623,6.3389921402084966
2800,41.63260431689022,22.603882907195118,48.28128740910141,6.372063741994304
2801,39.91402328433342,19.626443995001733,0.3861505845226092,6.121861118329345
2802,38.43122221039118,20.5248839113434,7.803852212108056,6.398488281282178
2803,38.01685498565264,17.15544403378211,23.574795520105013,6.476396980758503
2804,36.263578108692094,18.24492163734104,0.0,6.213466158927486
2805,35.28528809176676,18.13507621352021,21.58022724827073,6.170871734702266
2806,34.29714642925164,16.30818691929169,0.0,6.218889300249474
2807,33.28156206624878,14.685856386790356,0.0,6.20091977462122
2808,31.610537509116828,13.903293620307544,0.0,6.126754395961881
2809,30.109499682532032,15.769961417190958,6.429261746059653,6.425556726543682
2810,70.30937187982234,15.918432137378291,35.29479504883592,6.605647897108157
2811,70.45234886010418,17.16130339092238,0.0,6.308616114208707
2812,69.8739942622407,17.168272481472794,0.0,6.219930592734997
2813,66.91386450606397,19.523499900073737,0.7783165603466059,6.198558862246477
2814,66.24082310649348,19.63532379463031,4.0546337647937865,6.127811966575368
2815,64.15367526097296,20.65272929629787,36.335864733247455,6.4190162719490305
2816,64.11899025206597,22.165366848053104,13.232613028978491,6.335031498321615
2817,63.53798227269491,21.747310872199197,194.75335279140302,6.170861472496964
2818,63.509206924503395,23.461284519265664,336.6553659140647,6.484011768372954
2819,64.63369656035408,23.70407269489265,477.2616364512781,6.345922826391763
2820,65.34735759353465,23.073848319388567,516.6660610668059,6.228896673043918
2821,65.41862003592124,22.005416198634375,450.3295448903796,6.043102277742863
2822,64.76586585528929,23.96332811318057,339.838439397179,6.171783011858101
2823,66.11161647873875,22.487204834498613,209.98513985268042,6.209363927969194
2824,63.96982145434424,20.283258191654806,23.09931294064446,6.384094335598839
2825,61.63640264902723,21.096075213185042,7.554235202276672,6.467699925534434
2826,60.2201811130416,20.147915650936053,3.169223702377251,6.376645813147802
2827,59.57554583062921,18.697988664366154,28.897005745196157,6.326844243341177
2828,58.03613079253369,17.63421296183793,12.583597157491093,6.061803707051837
2829,57.2396288251329,17.973026675177795,35.66229039985012,6.266223702318653
2830,57.50767039861833,16.29373313654817,0.0,6.086470684771088
2831,56.77992742856926,15.7775175323548,28.188688481018197,6.2596011639535885
2832,57.02294831210677,14.95585841600534,18.499157890115182,6.141603049732625
2833,57.2627544633868,16.521379404105055,0.0,6.3477671077403475
2834,55.68065804093177,17.602448075329285,19.330808299988266,6.422119642355921
2835,56.136567517566384,17.413860256766498,0.0,6.3034335399040025
2836,53.769859146036644,16.922147277579786,13.378377526874445,6.179737422088093
2837,51.12760216846214,18.759179961291238,0.0,6.3267789773151675
2838,49.269471581595575,20.23271676294529,0.0,6.384655159285239
2839,49.67337237118676,21.204890279680246,0.10915688562627904,6.067979015270796
2840,49.766793420959424,22.561593463685835,62.47982453063088,6.235654378319418
2841,49.929664122450994,22.653452161385136,219.05648921797592,6.296455355660191
2842,49.21456619824569,23.104731106937287,344.08726876144385,6.301996787994396
2843,49.257911914291384,24.034464426441193,478.9276563669781,6.385326259550303
2844,47.49747246959744,23.49175528306524,467.63761659212923,6.229752525312371
2845,46.310471351620166,22.89929163230439,417.40827734184796,6.335315357587362
2846,46.34292698788925,23.14201002214855,353.5459397162107,6.14563985192312
2847,44.92120783733847,22.297517290540096,204.99676100662222,6.262093718297522
2848,41.51870935360489,21.116644688252144,8.496384376156264,6.497915244455449
2849,42.65903836733945,20.820855142143536,0.0,6.221563864421348
2850,39.80865160763372,19.626641790447923,6.007618739157707,6.245549146689738
2851,38.26004541656845,18.552736287253154,6.00350098569042,6.013769164833919
2852,36.3403016781694,17.384926574680236,0.0,6.2119077130125495
2853,35.06923435527744,16.823518977784566,46.15376455470902,6.162044738204865
2854,35.8940906237444,15.570335008278061,0.0,6.00861923112908
2855,36.22644982897846,15.413908530467697,0.0,6.304179538766139
2856,35.78323844588448,15.964137160570036,0.0,6.024014972066772
2857,35.142990929999,14.203565256816349,48.835771706595416,6.18941062709753
2858,34.86432656349799,15.829610356336032,3.671894486146119,6.160472965095811
2859,36.283065111492014,16.67179125491069,5.758392424920006,6.213522583274438
2860,34.993331377296855,17.32139092400687,39.53220667761211,6.308760988762497
2861,34.19145035812196,19.76068348287282,0.0,6.336392811495484
2862,31.49111898128794,20.804665778619547,0.0,6.294816659430765
2863,31.290458291110788,20.71070003403188,0.467702503123622,6.368848945742216
2864,29.561860748253643,19.573069156625852,34.738888381577084,5.977214426732453
2865,73.41069923891617,22.43636787055634,229.38785407586113,6.325929680379793
2866,72.842421865069,23.829604414704896,345.34280350319847,6.220950468557651
2867,72.59147211602937,23.4687924736491,449.6526571078959,6.091315438927458
2868,72.28807123952615,23.493201098860293,525.6070404167427,6.430560434532943
2869,71.77458134360656,22.97926984047458,497.8106245157495,6.3713566986148535
2870,71.46550239826104,23.458972394137486,345.01411879557025,6.2687214262538244
2871,70.76293363188604,23.69010220993463,194.7537201264068,6.213033012818237
2872,68.41835306803907,20.751370543705406,44.011691736268325,6.482288543918701
2873,66.1850629440214,21.153744977372007,0.0,6.328985531419605
2874,66.5893893580041,20.223258412689955,0.0,6.235857082232109
2875,64.70372731447348,19.307763721942322,0.0,6.287627609649732
2876,63.886253686454495,17.274915481386117,0.0,6.149616424579809
2877,62.50160618419469,16.569927363116005,25.863835374043205,6.161857909233507
2878,60.83825742402206,17.125221362104014,32.47687488538514,6.011477515138347
2879,60.33968714403408,15.697448957565598,0.0,6.2797164200073095
2880,60.54833701358766,17.017283190815697,18.053562853984968,6.279028275566225
2881,55.74191255486077,15.32888961610579,0.0,6.493679578262399
2882,56.61616832931345,15.90017534088942,3.6648382091743703,6.025314259709862
2883,54.923926706400024,17.613431846349943,7.898435344160526,6.0578202329274635
2884,54.6069013277378,16.68282473994482,0.0,6.177419862038528
2885,53.45242624205376,17.500380358170165,29.347640210709844,6.595658042595133
2886,51.88402010229849,19.68025665114339,35.61277198955416,6.459739890423217
2887,51.2344734124014,19.858937864945908,1.1591033728234414,6.022458694793162
2888,49.43762134973558,21.690028549668735,33.791514084914766,6.2499296386866225
2889,49.53880595947384,22.860237350748346,193.97011566182263,6.352271445643122
2890,48.67445662260011,23.455495103068582,365.3981543415085,6.1630143296499496
2891,48.932302145397536,24.20050436803935,470.2864049223846,6.287150510809933
2892,50.1094575333222,22.94621972740958,508.0531396329432,6.231737138008748
2893,49.90818825252167,23.591544835918455,428.0300170239707,6.277729976873912
2894,47.74225758440946,21.929495379624285,374.34347182154545,6.0714892165608125
2895,45.500117264127894,21.7657580187661,218.80113140644934,6.323929235152707
2896,44.09327478906615,21.233256013723018,70.15088215279067,6.3373096873364245
2897,41.90806985165132,20.737146263814914,42.416659906680714,6.207374270868073
2898,40.59219289951738,20.93734882876225,0.0,6.113776094775875
2899,39.42144228356127,19.159444552016563,0.0,6.195072000017111
2900,37.7231095024636,18.224230901793412,0.0,6.434275422558074
2901,38.76806568135536,15.843464649964037,0.0,6.272874677375704
2902,39.662234442537226,16.339303812996842,21.737269794436717,6.034212669607404
2903,38.587615025964496,16.660285617124867,11.608395129347171,6.345859926181588
2904,36.50697686341245,14.88159065344219,25.876353816294518,6.142057804300192
2905,33.91354087188313,16.894657610677257,0.0,6.19493363458898
2906,32.072368586276326,15.135813091323888,0.0,6.348359918270303
2907,31.97148049255716,16.723867382600744,0.0,6.184242002693347
2908,32.42203550008045,16.773800058210863,0.0,6.1457449833281945
2909,29.532148667266057,18.152481591349687,0.0,6.354358483298398
2910,79.01815663621947,18.157765775390125,0.0,6.108532110563491
2911,77.63333905139244,20.834162658092797,0.0,6.315391459948503
2912,75.55601819389983,21.21103205793557,3.6278631411486053,6.320268308721856
2913,76.74435670997634,21.164583540088383,193.34516607444795,6.16771645531127
2914,71.58763655940263,22.00642774637361,389.4174482485798,6.193792122461098
2915,72.3446898664837,23.399293796060075,420.8261170260775,6.184583389482902
2916,72.3029660969492,23.88682168020746,482.4237084192376,6.225663102612294
2917,73.28895344762171,23.58892045656522,486.82544920266383,5.968003471987352
2918,71.51803727181425,22.14840407535894,369.3172544386549,6.178263076410013
2919,70.87902041879427,21.78762912939024,155.70347365331105,6.281438676387348
2920,71.70006039215599,20.61329797640903,0.0,6.288482393591223
2921,67.94812461243119,20.15157993256059,18.022235621243432,6.161703578679195
2922,65.9174407873496,19.782178922958376,0.0,6.278431028669328
2923,65.97610608400998,18.895423582001467,27.185828486730202,6.112719475890199
2924,63.60766560054778,17.642173146805483,0.0,6.272488772297802
2925,59.65238796516669,16.800298334184614,0.0,6.1671152509869485
2926,58.5136705892159,15.561670501073321,0.0,6.315630630793819
2927,56.47355655234017,17.401863752080374,14.45553547865546,6.257749203179323
2928,55.41389454517404,14.317731857645423,0.0,6.328430180389996
2929,56.64823353952522,16.03374536200887,24.911136293672513,6.160232613147661
2930,56.048227276085235,15.407504775108695,8.656370825306453,6.302422961777513
2931,54.031456834537465,16.637788921400627,8.760105170374537,6.292762311806348
2932,53.77885830460778,17.27264604594529,6.514500684872598,6.332938630388413
2933,54.602316133372184,19.789052712375362,0.0,6.126102007563484
2934,51.8336501787119,20.74509628161121,17.55225629055981,6.134950648353648
2935,50.833010334433794,19.85230272306095,6.227798753928543,6.286713364105578
2936,50.211082455224826,21.150317128576564,31.219004437814263,5.974001980713932
2937,48.8069603377835,23.02657982454787,182.08617303110742,6.203320010064689
2938,47.786933625517065,22.91409816448446,366.036327470008,6.43484736368888
2939,45.71418679529815,23.29981326633615,491.2549954955018,6.196639002437124
2940,45.54955079888375,22.72699002365451,511.8468153964278,6.137027926465722
2941,46.213721253402305,23.04485676267365,478.08446037196137,6.183173417010709
2942,47.958404925728594,23.040663179442937,387.2820929899632,6.30597296508603
2943,48.1129223863882,22.57304972371646,181.90278249428098,6.43447836844023
2944,48.169091832376864,21.603440685789437,1.8710699714072163,6.07886749791049
2945,45.53139558894557,20.583454994112405,11.028730763510906,6.317460323874906
2946,45.13137695018237,20.1517409928991,0.0,6.3191047622067655
2947,42.680368163840505,18.122548221349586,13.768730397493371,6.271135748766958
2948,42.65978502206761,17.66636065248038,1.3692612874345813,6.453121111713749
2949,40.54348090877695,17.153533739040537,37.31454711936914,6.191655940883056
2950,40.27731234723395,17.44001699173621,0.0,6.3519445626514965
2951,40.47264023104916,16.16649257521961,6.678900959980786,6.184772830125381
2952,38.58186770008897,15.580052436245658,14.965612942971958,6.264568736009976
2953,36.23926784927481,13.721117904002996,30.161657002880414,6.2873061933098455
2954,37.18726183223698,16.86219780485281,6.736225447749298,6.356035684741804
2955,36.73528181399009,16.11406932946259,0.0,5.984109734055335
2956,33.217533094368285,16.495042134986956,0.0,6.066792027983577
2957,32.898555376114246,18.5680982657112,0.0,6.120653674488633
2958,31.467626330677916,19.28950459083907,0.0,6.254278461342967
2959,32.90061897436052,19.137234122419507,0.0,6.142402316545663
2960,32.25115355815956,20.268145018824306,0.0,6.241479012099606
2961,32.837132404394644,21.96904723096704,219.28863665349257,6.296233920733778
2962,29.825950182040106,23.758054884089635,370.52842896972606,6.1118414524832865
2963,71.96317232217095,24.557515725676858,424.60845518700546,6.048792669822511
2964,72.80973287539796,22.688393655979716,506.5712623037503,6.198818577265932
2965,73.53108987559109,22.378116506265638,457.7607399054902,6.210856516474517
2966,71.77330318540353,23.680385419430852,388.6630438583604,6.368105630552021
2967,70.62615172890195,22.821129721296135,192.77579109383908,6.115198808709327
2968,71.20565330224379,20.702699669958378,40.53195363597672,6.331745930798421
2969,70.99123490582444,21.140602319029636,6.354434700258677,6.22117931335983
2970,69.40017742951342,18.51443141845063,9.545920176188465,6.252037982219874
2971,68.66446124665809,18.564385932101306,30.247315947425385,6.08690806380166
2972,67.33161965031978,16.98823679053153,29.006805175181242,6.09127829532885
2973,67.34930983305068,15.224699346654656,30.124664707937747,6.266724954267106
2974,65.67085185450256,17.35312480145787,5.353925087173238,6.328309594441189
2975,65.34986537317053,13.94762582389351,7.875324846080823,6.433834563630695
2976,63.32430814924686,14.751774089996848,2.059304849292211,6.146664817704765
2977,63.635056650809304,14.09916716870191,0.0,6.393413075572773
2978,63.04480633911352,15.951240986263151,0.0,6.066215330037326
2979,62.9233735944388,16.9284052799292,0.0,6.151202686409456
2980,61.06764767550685,18.129073592211302,6.188323702841006,6.154128490132689
2981,60.1957994347804,17.992415722169905,16.81837273060872,6.020313649303798
2982,60.7379978270897,18.199844074854152,2.726225911273353,6.1135762593041925
2983,59.66661461730314,19.86460020084939,3.9398231223358398,6.162133954272661
2984,58.42116060304428,20.571837376246098,0.0,6.347098078398175
2985,57.16299467654501,21.860790838654424,202.56881384290244,6.305526932986532
2986,56.3842512132214,24.388267219552354,363.40985739668906,6.136862504266814
2987,58.10952405737172,22.12500917737495,477.0227153403322,6.347681728724441
2988,56.708090944109514,22.46264615469253,498.96573777383907,6.1171135151353395
2989,54.915059530765774,23.1373497903859,420.82909279441833,6.123817313048587
2990,54.011893339224294,23.472817588483785,367.4103832328899,6.145017184173803
2991,53.35139994481796,21.70446015647887,196.56480860652775,6.3453441429263195
2992,54.592325507414195,21.24387556019615,0.0,6.200340525111667
2993,53.84356580170116,21.16523416112265,0.0,6.147860412374573
2994,52.07340000244499,19.82376240838519,0.0,6.091985867330605
2995,52.53061169335222,18.736635288938945,0.0,6.223713036607476
2996,52.38786394204284,17.13012750517837,0.0,6.300094472112553
2997,54.40388679172733,17.081267754444795,27.34878086326121,6.205010462628182
2998,54.82051450857269,15.768001881321666,15.9336832018324,6.308012288890429
2999,52.566338304910296,14.622095687802947,5.220799651738142,6.266601164095113
3000,51.638918024457745,14.710232886196854,0.25628609132989866,6.077873306712315
3001,49.47376103118104,16.379611303033165,0.0,6.134863992622064
3002,48.825000176768,16.038630398236027,18.985146037058186,6.162438089198854
3003,49.026499332768694,17.469768262913885,34.96360916138519,6.333043437604576
3004,48.192148242170546,17.62489586964117,26.870930132441025,6.14324628957426
3005,46.52805007982958,18.55805846444427,0.0,6.204888202853062
3006,43.89717254675578,18.169824889055302,6.527620156911209,6.381416697076164
3007,41.97481134295803,20.314753247144196,0.0,6.335732854190359
3008,41.74279381311533,21.17165031018722,22.98553896358822,6.160074144755769
3009,40.898391765413955,22.4144528613442,203.0511921819523,6.124662296274688
3010,39.371237605978685,21.572246123995008,324.012254121624,6.376024147986285
3011,39.66395812119761,23.73150780809815,443.5211592413752,6.482786576085515
3012,37.28547063606267,22.983041395923145,485.54806437197044,6.2709905896329134
3013,35.07617612652923,22.842048421505275,439.0759425872119,6.197098530444721
3014,33.687454877635425,22.7910939961515,353.40442529489445,6.248143847724353
3015,32.70328432744204,23.666255337397082,177.6280238770898,6.217879931021118
3016,30.497982371579706,21.433497675479497,35.11834133064854,6.160970084052354
3017,65.02700368701834,19.687893221623927,24.448043233010047,6.225553721341702
3018,65.38417945823795,19.065830718529142,33.186587862291354,6.447277197913307
3019,66.44487276453776,19.655933147599104,6.624455197197526,6.278908525110524
3020,64.05484244511146,17.051973947066823,20.5838118040716,6.130517715265604
3021,65.99612364361992,16.452821956476765,19.961683452073103,6.223276699606488
3022,65.27114285633206,15.083441103393247,27.910831601561018,6.1267036305130755
3023,66.16446812645668,15.80844784365177,36.579495125087064,6.485973737746516
3024,67.17380432452447,13.342413673249188,18.537675011099527,6.204131866201397
3025,65.53030834491479,16.191156631639657,0.0,6.399274922020898
3026,64.34427434229954,15.517540054803934,0.0,5.973735216259766
3027,63.9375844104591,16.085586147900113,0.0,6.144655779363926
3028,62.809465200915106,17.237950386237085,0.0,6.035548230636021
3029,62.32780053750129,19.58787401570476,20.57397431779799,6.104076904733624
3030,61.32373672400351,19.589468390635602,0.0,6.346006347985148
3031,57.53557964563157,19.055361439229934,0.0,6.468133764381803
3032,58.951661502928076,21.822713323134572,0.0,6.252419998445943
3033,59.30863159502606,22.617123798168304,199.91519880901546,6.475989547753147
3034,57.85324112393983,22.291846948563578,341.8052427035911,6.274611463505578
3035,56.44104818926706,24.523206092302146,454.73109738672264,6.118820859829379
3036,55.05888674197257,23.421468603853864,510.3783008569129,6.293190585891063
3037,55.71730422426368,23.986914869135674,447.8984078772666,6.286204085869788
3038,54.48642303368693,21.577457452243642,370.2144920105651,6.313330459228176
3039,52.06861134903005,22.748131860145786,209.10610052016753,5.976328171687004
3040,50.01806668860874,22.04907843508034,30.85244926693818,6.265604438374822
3041,49.62927484157531,20.7924732368958,0.0,6.412912765535539
3042,48.47791387498779,21.136591065028412,0.0,6.3034112629142385
3043,49.88740769001452,19.219904496029564,0.0,5.876486530767193
3044,48.081031930111344,17.402892500856193,8.302954658596716,6.241865629940454
3045,48.559011707707484,17.11064296404797,8.914182802707339,5.9985905608807375
3046,49.25164256170891,15.622856327075512,5.322300497242906,6.245001806595325
3047,45.36882673221746,15.091507692429412,0.0,6.368462493021863
3048,43.461509851567975,15.135154957249258,0.0,6.362403487539188
3049,43.57792200856268,16.259520598836826,9.658598903551734,6.287464278052547
3050,42.57760752145448,16.136205564678445,0.0,6.221134721070917
3051,43.186993913477835,16.170063543265364,0.6189617653566036,6.031012866308048
3052,42.18565419430249,17.388829052766994,0.0,6.269853931340289
3053,40.30779368584099,18.259818295331684,0.0,6.263808646739784
3054,40.4596577405606,17.46843473068222,20.493103805688698,6.349060403102372
3055,36.89254547367594,19.49924220076464,0.0,6.314623639179151
3056,35.44889487896583,22.169059680352746,0.0,6.320260262747539
3057,34.36917061796931,21.552508184629986,217.66988694104003,6.148887745230564
3058,34.75053778055314,22.455738510148922,362.2199430100812,6.428384350343211
3059,34.7352562997033,22.86218089906257,463.041272521971,6.029551027949852
3060,34.056485928901054,23.9136679438161,500.0022928754072,6.306132108021838
3061,20.33104558175313,22.693161265895977,458.65860564029174,6.300769887870536
3062,31.549741086911315,21.5766089393357,334.8244008183853,6.159059263803334
3063,30.657687096086235,21.44301282961136,181.95782084531803,6.1626111092027465
3064,67.3793102616264,20.3938869065467,42.89157980987675,6.326910292637389
3065,66.57266897522328,18.927948916568976,15.374889092232456,6.17127480151336
3066,63.77513967854123,20.0430673064429,16.50448838363252,6.269449687063345
3067,63.77556409591972,18.717202949205802,0.0,6.293359126966363
3068,63.56419436812487,16.58480062021818,10.08309101900556,6.2688151120608815
3069,63.45093960176038,16.5450005444209,0.0,6.259152411801677
3070,62.27282112101766,15.831792878413898,27.6684815711195,6.268405081205532
3071,63.38069359545001,15.833103667245,0.21357726470022972,6.2623348800161995
3072,60.15348901515731,13.7290161261094,14.713615275194666,6.140488050393423
3073,59.50164230547987,16.162154138892067,0.0,6.115030785589231
3074,58.423330765457955,15.327205989933692,0.0,6.181708089729355
3075,56.74312369014261,14.88793443838403,6.003074830539523,6.289879308754254
3076,56.9128235389044,17.516687649226817,6.5366441896704055,6.312754327203209
3077,53.69675436842978,18.277949538145034,2.2475336325578947,6.332496082978711
3078,52.45387213048449,18.70815349285282,3.320376957491445,6.328486795966759
3079,51.979464186253566,20.488640031846362,1.2236441428849203,6.210891816754537
3080,50.882395664148206,20.196776818347843,31.811895499578085,6.145337891873515
3081,48.45582285413673,21.50060605231168,182.35964115263678,6.222921860257819
3082,47.12080252989324,23.02380387192181,370.03275095059473,6.1307067843310135
3083,46.26867764020357,22.911899620870976,488.7942163335577,6.087412005692768
3084,45.28560867390232,22.893740789031472,470.70586636764864,6.344866021893938
3085,43.139413234443225,24.00631999710307,464.12676455834554,6.214129713549657
3086,42.325553456120886,21.037346942243992,418.4027841044721,6.190961044279116
3087,43.1743220848026,23.008385181338785,176.20603154815996,6.232049868160633
3088,42.2784953016816,19.307703601206228,5.031564435569681,6.307427338834761
3089,43.50532965268126,19.928627676199234,1.452884260866115,6.391238633750162
3090,45.90371969018297,18.02109982465359,0.0,6.441920816763406
3091,45.25808387292167,19.148757270281855,0.0,6.228821462648726
3092,44.560924258271015,17.179311971633407,0.0,6.055717098087842
3093,43.01285127043561,16.255936555250777,0.0,6.420760387733983
3094,44.124839721416144,15.621881198598192,14.009941263163268,6.118358756230008
3095,45.46197975047314,14.778819969148415,0.0,6.107481401678354
3096,44.658769322658515,15.035225455292368,1.970520498107757,6.182502321858592
3097,44.424091280250614,15.202303377017678,0.0,6.31051416355871
3098,44.86537610513155,15.368524566319756,21.101090978851026,6.166450880011885
3099,44.455385142381374,15.49686097590157,0.0,6.052905823369867
3100,42.284043480724854,19.324890805320766,0.0,6.207733368627427
3101,40.22269902977698,19.12777908658506,6.395670811193437,6.308115945939365
3102,39.535723223236786,19.258021803979858,0.0,6.097397476679894
3103,39.736161027262575,20.409161519754303,0.0,6.075259471875414
3104,39.176551191378074,21.039432474806336,5.553241119464101,6.320179095177401
3105,37.299364807382396,20.74390229365553,185.03377020531758,6.354903934651043
3106,36.419113348407905,23.773628995116947,373.5554431425938,6.344258193775728
3107,36.500765512009636,22.459829456977996,446.3936724121117,6.380204155988024
3108,34.943187099381824,22.897166773368955,513.6820998186948,6.222705713957328
3109,33.07514047877081,23.431868077264784,443.2426703831351,6.2431765017553325
3110,32.88627966652053,23.12192555098152,350.7688675585746,6.272690912270293
3111,34.203017472086984,21.279471207750223,209.59717488469278,6.220760826019745
3112,32.68486673286392,22.04331254188402,5.135811724040666,6.04627273717669
3113,31.549534527638723,19.791730785858906,0.0,6.008565872736528
3114,31.196303011978348,19.060436595716073,0.0,6.230782183094837
3115,31.055408104107816,18.59564779355035,0.0,6.198060628757692
3116,29.434135427440673,16.885621566154303,0.0,6.058121328766717
3117,74.30948552001615,15.487199042303345,31.722282628426235,6.211125860466198
3118,72.84706979689511,15.823418188785565,3.070971085203426,6.231458076305794
3119,71.42928054598507,14.817566154649226,0.0,6.269342001121091
3120,69.4812459557332,15.2391520754077,11.958270147978764,6.230961394584664
3121,66.9997316691186,16.015206822273782,0.0,6.163685184767085
3122,66.3969993198336,17.466378295967544,15.202416181108829,5.935174442105627
3123,65.08875373402505,14.491520236038504,0.0,6.136148633394179
3124,64.02015548970462,17.221747289079218,13.979516366895341,6.223290316394202
3125,64.14003762126949,16.981124965697763,29.45967155259659,6.034121460487854
3126,61.81414777956545,19.65952804256433,19.442562638001874,6.342795941998032
3127,60.755470628637845,19.87576840709094,12.208799986336984,6.165030099380832
3128,60.35242417373477,21.696690991794576,0.0,6.244058196768138
3129,58.69075581562882,21.371799876303577,186.3854629124456,6.146040985276508
3130,60.40302351187518,21.075865391474043,359.16382130861496,6.170348584947647
3131,59.32700979041435,22.716717988641804,471.25451152290145,6.2365402720937215
3132,57.21789539977887,22.898161162526492,507.88747690784896,5.930596429405353
3133,57.30038106172008,24.333642247153577,451.4754341200351,6.297512750329355
3134,56.94585023952302,22.959509490421457,328.4703234224885,6.241874835498044
3135,53.96885838774059,22.12301322544357,182.82991082760975,6.086920024582265
3136,54.2159929267092,20.737771938394808,1.2425380983276457,6.1379134832775915
3137,53.938336604366114,19.999039841199384,0.0,6.2927350353175875
3138,54.74852559549387,17.867993319339835,0.0,6.145714882513375
3139,52.54800797295259,17.601416390690265,0.0,6.4556095026904865
3140,51.13320744538534,18.122451582917996,0.0,6.081159060251517
3141,50.156013312560624,17.63366311418733,0.0,6.214203878747976
3142,49.282110535113496,15.969965189945238,0.5564577125552819,6.161117609417476
3143,48.56692204481629,15.587182599734305,0.0,6.36051342833275
3144,46.58241362870113,14.932269354422719,18.97730490893682,6.1574100704449775
3145,45.91082537642943,14.95822524135451,23.94846399609815,6.286354706577255
3146,44.512875593892005,14.44750810316202,16.08737059875873,6.191415022626025
3147,38.72865911497796,15.772885210799735,9.29004330428425,6.192919715302607
3148,44.41222379197319,17.738506770666277,12.707289223428102,6.355371582057302
3149,44.35034002512854,18.479059396078135,9.852189736261051,6.257251089919296
3150,43.1846959604807,18.069350854536175,0.0,6.3040073035104225
3151,43.07800285164085,20.815927886371334,7.288521542706958,6.403229212462708
3152,43.93360291134897,21.31068333733255,0.0,6.231802358052794
3153,43.69956298340248,21.79587869763052,203.51904651975565,6.199631304473548
3154,42.09480465438011,22.561842298225525,344.51967302152354,6.172716840485243
3155,42.04922703922165,23.0481159025362,507.25697578891106,6.222204125530944
3156,42.68347972764326,22.985127990081622,522.8933231455135,6.2688045967392565
3157,42.31853704632406,22.01123144711071,469.472507296764,6.0439362229155
3158,42.84478711352818,22.190742460827206,363.84435231591164,6.286699309987636
3159,41.00940628573755,21.648820127040135,211.069695337681,6.331062380652857
3160,40.9444691051152,20.934686681824065,0.025972928008093144,6.198260424738797
3161,26.88128050815719,19.324702469864434,6.1461870747267655,6.423051339354339
3162,38.447499612779595,19.532292797337288,11.832494465693175,6.38937955645301
3163,38.26100512488427,18.72698277611606,8.17369524550817,5.850575466124155
3164,38.721618971360925,16.93239003118098,0.0,6.23830080695585
3165,36.43330467865066,16.77377866620392,0.0,6.026994995203664
3166,41.08792508894455,15.5645717195051,18.96851541436341,6.29021504272138
3167,40.00065105121394,14.551486859279965,0.0,6.215205443179247
3168,39.20672541547383,14.479063388393246,11.576182195691121,5.937142625140016
3169,39.15271487703945,14.929799191599235,11.254397201641584,6.084274519869892
3170,39.280873027792595,15.638652457371373,0.0,6.073053958527394
3171,38.542377319196106,16.030972294952374,29.142036524548104,6.066775296398772
3172,37.09427170135591,16.530481597668608,0.0,5.940597659544817
3173,35.57085228695383,17.939171987636524,12.724716568606482,6.243327039811453
3174,33.396313139793065,19.242953910309915,0.0,6.112569869128469
3175,32.756482411389804,20.678484979272394,0.0,6.104757824635424
3176,30.91644938341995,22.653148950313604,25.321840481116023,5.959898920411234
3177,29.96595248742144,21.669111802622297,215.14444149169626,6.118683248049985
3178,73.61711934420404,23.070154213477984,349.0965984740383,6.312535206850413
3179,71.93428396845859,22.71967935273807,436.37948378636764,6.066058909405598
3180,72.43108871712705,22.69030585104243,483.52277378753826,6.1594618261784495
3181,71.60562450508138,21.817222759669644,444.7720220344072,6.00278226815333
3182,73.26303805457209,21.728848315354654,349.2022916826955,6.055742153450473
3183,70.5190661770102,20.838588993837114,199.8574637328529,6.411198495468729
3184,71.36561644437495,21.936015962558002,14.440816015444126,6.0661051620780695
3185,69.30026832788737,21.42246090154572,26.708634579391695,6.108404651279447
3186,66.47485476011822,19.652451481310518,1.906067983072356,6.295364505942376
3187,64.70995859267009,17.061023061351662,0.0,6.438418391283903
3188,62.6274222324402,16.44377358279538,2.5354120228422627,6.292043172002903
3189,62.77287579159225,15.196704770027177,19.140736602724463,6.17785487863121
3190,61.67659660593833,15.567739872638326,0.0,6.323778947673833
3191,62.87103512904709,15.117009967836006,1.8626591478465153,6.182008377536747
3192,61.26634201200342,14.747324293811467,0.0,6.1582566184012
3193,60.33775222378557,15.80453400967169,0.0,6.227126236899872
3194,60.01093064347854,15.530446452501359,0.0,6.343347780902476
3195,59.33994126754229,15.106573376397282,0.0,6.1286850180605725
3196,58.73809364939489,18.45902718307899,2.0160774091954825,6.399290982826058
3197,59.24438814214222,18.38835307899873,3.13147497993473,6.306046561473285
3198,57.494895406383414,19.383765016740767,0.0,5.962046681381497
3199,58.282869349096416,19.63873173755165,0.0,6.278218978572165
3200,60.135743348782654,21.34502280297674,0.0,6.300929516207483
3201,58.518288035001866,21.93786405384148,218.8285733360167,6.115110571922389
3202,56.204894178533216,23.092279362648334,365.47905345582365,6.270939209217057
3203,53.027902719839645,23.038472635570297,451.87171649272597,6.260552081426194
3204,53.12865907734456,22.207196712228562,521.6678428716671,6.359487581923518
3205,49.3561467522502,23.04267429537052,436.2964671092427,6.2452962766361395
3206,47.256049025191956,22.083321448915033,362.2777299055201,6.167289316581306
3207,48.82893784749542,21.69901961543323,197.64916679301837,6.343076673050345
3208,48.20033248821497,19.496489119048203,0.0,6.296121907042926
3209,46.79036642888331,21.55229519762443,9.256129183637093,6.197288985885575
3210,48.417672592733766,20.048185203993025,0.0,6.192695718084224
3211,49.37919968260747,18.970956271922155,0.0,6.2520867857248295
3212,49.1236555651909,18.51435667416837,0.0,6.2831524221696995
3213,44.533809595430334,16.351275498863284,23.31755622914558,6.163295667348111
3214,43.76747438858097,15.127985658948255,0.0,6.27954748434319
3215,41.558806149689055,15.81963899791265,32.68738589063877,6.307411038796824
3216,42.18519447946541,13.77182494435493,0.0,6.243754563813596
3217,40.57052035158612,15.084040914305763,0.0,6.272209756903724
3218,40.00082934390221,15.530459668528408,0.0,6.173757608338182
3219,39.74876924629134,15.021382347916376,0.0,5.984096653289689
3220,40.32132550052885,16.15435496912285,14.328604073148002,6.338870677348778
3221,39.25445786211624,15.327022982088655,0.0,6.056647552852642
3222,40.81454235401457,19.23064016505041,0.0,6.376028283194094
3223,40.91313191865291,18.26074069814967,19.553182739302127,6.186136113124039
3224,40.347608259130254,21.46084172785838,1.6811468987293423,6.232693313019164
3225,39.51833523953837,21.867122654521275,163.89511116329095,6.152919723833965
3226,37.13496393293411,23.33220228121358,347.4557895241551,6.270349793538584
3227,34.9427898296385,21.567612026694263,466.6154981635112,6.157484491653686
3228,34.52941245423382,24.480978413792197,508.0881630814283,5.910676653743894
3229,33.01162115991415,23.051538851024954,433.07883581320226,6.293581814791732
3230,35.267003055124064,23.617607476024574,338.7592576077881,6.184899831719738
3231,33.074843138975176,22.04060726669778,172.44700109359582,6.653481549029646
3232,34.20182983157917,21.344097807371547,0.0,6.277987485219446
3233,33.65437516210473,19.912830456059986,0.0,6.105933312695552
3234,33.77888941431658,18.405512853312526,0.0,6.203730226318923
3235,31.23958219947668,17.934932261600768,7.203962726664325,5.98181411510481
3236,32.02519578438012,16.57974964487947,0.0,6.195544539634992
3237,27.136316661213073,16.97034973107277,0.0,6.302406542980884
3238,80.12463704874236,15.954557709858648,6.567247906670594,5.994223498733006
3239,77.86748274355885,14.75263276139866,0.0,6.228477199598035
3240,79.17996417162288,15.292312627489714,8.62536883210112,6.292451212628759
3241,77.15504402738692,14.669320178292187,1.0094210736692277,6.111697570890517
3242,77.79308610341889,16.266098208793323,0.0,6.362659463945001
3243,81.15422167379933,17.393419454609486,0.0,6.228397629520742
3244,75.87908677021008,16.644189934933,0.0,6.174232712745139
3245,74.36923151699847,17.95591876228719,0.0,6.265222919906003
3246,73.96619373364874,19.018088019051643,9.48965392501053,6.38613471073597
3247,72.15614517782441,20.270274061749284,6.531919198327122,6.138402429319321
3248,72.45594782403514,21.173248437710633,0.0,6.118003600538323
3249,71.89469819523745,21.159946132195994,214.81973481402906,6.077835479369263
3250,71.00310625626719,23.651540887872407,359.64398557987624,6.130741419493261
3251,69.01002087964154,22.340585629770704,437.45526608853174,6.037076152775894
3252,67.98290020027818,23.073193141120804,510.96276761165126,6.213559092118158
3253,68.53614986607235,22.204325353662313,477.8125521422454,6.095298646807324
3254,68.51422086884071,21.686719566933647,343.40468833653983,6.334383995592289
3255,68.25156685988817,21.14900235521812,218.76097138513083,5.911766366725935
3256,67.62005813581094,19.997987046233863,32.33282357977797,5.877127233437843
3257,68.35029723525487,21.271457337117937,8.660927572078933,6.237588589880086
3258,71.89383844028552,19.27087499983137,12.080953187571113,6.082981286455634
3259,69.71020142777103,18.714648845565513,29.648880575092733,6.312558752034961
3260,69.37246757344398,18.059059690176728,7.274892883205379,6.261173495683254
3261,68.14496497808179,15.483570895155971,0.0,6.3184113940979385
3262,65.66465591674582,14.519293220924888,0.0,6.309888778298905
3263,66.46532321286577,15.483598280076505,0.0,6.093463834359482
3264,64.72456282898396,13.547631208943894,10.830649929108912,6.1075842006296375
3265,65.82603860381896,14.156591672750245,34.24615456733845,6.1847566277680555
3266,65.08339842472752,15.022415377522146,0.0,6.027535181900706
3267,64.2686880784574,15.5200100487046,14.479940648038074,6.165826583546969
3268,63.39417462392683,17.297700071545147,0.0,6.062389531766922
3269,64.23744973893685,17.00947941916446,0.0,6.274926130089651
3270,64.04674100220035,18.778621101736288,6.65900400980245,6.131135846373813
3271,61.628171605030595,20.393003632694494,12.842420077531678,6.109024540594266
3272,60.325715165167864,20.885065120679485,0.0,6.298691148546574
3273,60.91434384668412,21.858047630520122,155.481706632537,6.409829849240693
3274,59.10873982595887,23.984223594719765,384.929744870704,6.256259076049657
3275,57.948413224074784,23.495349779951965,480.6366873112752,6.034347217695831
3276,55.443562204502555,24.444746395972732,497.8895034534782,6.05645882978925
3277,54.48341549669465,24.01119370722264,455.94484410723476,6.05877034634259
3278,55.49142513238365,21.870102853986744,321.15514287607255,6.205608637945972
3279,54.536181240520975,21.1476801491754,178.05591937214393,6.737672862017362
3280,54.637208844680345,21.744801784725276,35.33981722748985,6.05505251176846
3281,56.017695104378916,18.853832268874775,0.0,6.079728214038635
3282,55.72676425499393,19.826880368489505,14.865042112460998,6.191615875608452
3283,56.964708214243394,17.961382063269397,39.1065243229958,6.378758907163095
3284,55.393307271572475,16.943498744683385,27.520129727277084,6.079900498702611
3285,54.31103403479598,16.592348187299855,0.0,6.249545985202636
3286,53.16958509976884,15.251023425219143,0.0,6.33143462958569
3287,52.20760014718106,15.857987810692805,0.0,6.133534703961191
3288,52.43271235464969,14.53055048032754,0.0,6.043939552147296
3289,52.84795175049167,16.480687811338758,20.543831200808278,6.1987146270047235
3290,50.8521573703053,16.143603060103363,0.0,6.037623811650659
3291,49.00694700689863,15.34374394027515,11.196235238615218,6.2178453520423185
3292,47.39928690343785,17.999094495603426,0.0,5.994707882179409
3293,47.797977539218955,17.852286910478192,0.0,6.164339491602048
3294,47.46822912351768,19.214029221648236,0.0,6.257985709296602
3295,46.25340304360276,19.52385218246356,2.6536923826615366,6.134676560199347
3296,44.00261218519085,22.187955565569595,3.5218820362637633,6.366905285806247
3297,43.42727507863885,21.348676444028026,168.15819336151606,6.195748628609884
3298,43.458860584632184,21.90572899565731,372.91883007335525,6.401605758081979
3299,42.11297317332488,21.894679785727934,453.41343961592077,6.328975382538207
3300,42.85966650037349,22.762718303915918,506.60496178670047,6.318601687466523
3301,40.70503039880766,24.358053262841214,467.17506081662464,6.2029863279603115
3302,40.905734239427446,22.06161038661251,338.45288856070204,6.313585574326956
3303,39.98381988638172,22.503015431494774,209.90915416627146,6.120477396268318
3304,39.449787880903955,22.082364992859027,3.7115846603022984,6.0068294893329925
3305,38.40293308242525,21.01751619826175,0.0,6.33360354156251
3306,36.534719836641244,17.47325615400332,0.0,6.222003203223066
3307,35.73177634708441,20.171057601538497,1.3317765380584337,6.20814537734961
3308,35.238960480499784,16.26878165497438,0.0,5.945142851113181
3309,36.09260008338031,15.893646781560111,0.0,6.30624245354204
3310,36.686460184492944,15.182496544899408,5.1349452207906054,6.289906776773033
3311,36.739682925234675,14.85580053077975,0.0,6.257177913963152
3312,36.64523562624886,15.497129444873984,1.5937756288946217,6.364804639769751
3313,34.43005086589458,14.78273168617893,6.857069315632959,6.419859156795309
3314,34.53045460767265,14.511585954146177,2.1950680255113943,6.146372214950311
3315,32.0953509601149,15.730027170099714,25.124426888827177,6.218668796504937
3316,30.48070448579889,16.252446031124325,0.0,6.257960366479905
3317,31.021652897152833,18.7766863584592,0.3571060296434881,6.49868108750185
3318,30.07682676885636,19.32871331301194,0.0,6.157129971166963
3319,72.34375151664355,20.462228257424854,24.398659510729676,6.285008027845564
3320,71.0459723992363,21.9141477010308,10.566229884016197,6.2078495775671
3321,69.30821803870661,20.467778264886135,152.649454597562,6.342857437250436
3322,68.96051229438513,23.010678615181863,335.7636699741624,6.043655056243052
3323,69.23804793252135,23.00976481394117,459.4996563989792,6.339001937699303
3324,66.33716120772111,22.632098138372385,507.58247266138477,6.13771930088292
3325,65.02912794955077,22.882758344733837,444.8747024105707,6.168510777637227
3326,63.99577825786424,23.61240803820034,387.6342436312816,5.959252290516445
3327,62.64905436732138,22.49333647803814,197.29413008762273,6.354104077113645
3328,60.94940505903669,19.905800368707297,0.0,6.273753085279358
3329,60.762218736934564,20.16361307332367,0.0,6.155978664023391
3330,61.24458214771134,18.679687462228166,0.0,6.140270927935613
3331,62.23689107996366,17.752411617698314,28.12520358348472,6.28936394079754
3332,61.75892317183256,17.20929749501983,0.0,5.98477195424163
3333,62.6710454343285,16.691237576315526,0.0,6.150460737618706
3334,61.756860471997726,17.533876005736154,0.0,6.26503582405933
3335,59.677437185449996,13.80407209976882,7.799967749477115,6.353384425136776
3336,58.96384387095409,15.657106743770635,0.0,6.205230696461274
3337,57.60333786103901,13.226626238354031,6.84798699991698,6.332820826508998
3338,57.77101091610337,15.152272953260152,0.0,6.105433816814724
3339,55.8913737731324,16.734775807014486,0.0,6.235289451876559
3340,69.60113632252094,17.042971459959734,26.67277123719655,6.3398941287760815
3341,54.3612528049271,18.277781076981714,0.0,6.305067583840031
3342,52.36257031061382,19.084254719939008,0.0,6.1813033068483465
3343,50.77073254332788,19.632528320673956,0.0,6.32139806477261
3344,49.27047047783191,20.812566596192035,28.76175709848623,6.170458942885988
3345,46.920306546072915,22.21819541454743,211.8563653181366,6.150844919728831
3346,46.47817098587482,23.415959619630552,344.42288111266123,6.311890415168985
3347,46.81498350079897,23.44718539860914,493.407731616076,6.283405778069822
3348,45.22756944675298,22.97278015159335,468.70291150089076,6.294796752155452
3349,43.647341329135934,22.87717908917037,407.9987863501036,6.14113567013476
3350,41.38887945408367,22.899643544882654,341.0177518770834,6.109384835227261
3351,42.2990028420347,23.160989413567403,158.8922354508148,6.1055437553027225
3352,41.17486380917655,21.433887280268213,21.372966802295004,6.112202544419727
3353,41.55151480228488,20.506281434835795,0.0,6.199835311476426
3354,39.09831860101263,18.733422445967854,36.5725052488365,6.100728559477337
3355,39.61439478838084,19.03416724999616,1.2581946118956897,6.162859730442307
3356,37.65142691904918,19.231779402417853,1.571464419222517,6.133653064611675
3357,36.392955814944315,17.317219764793315,0.0,6.23918646474847
3358,37.68933523796059,15.72593231006289,25.821044654048674,6.431131464421714
3359,35.324734141420855,14.041029360213253,22.77871641955898,6.08324459804578
3360,34.91887689163899,14.911867873633108,2.9247055804472195,6.275512424811554
3361,33.87755316509863,16.830869810575564,16.464950034250364,6.27112554013504
3362,32.00218890582656,15.038511820136334,19.9876189278558,6.189662269118212
3363,32.56965031895764,15.943546201596604,58.71949749276219,6.357358540342535
3364,33.905620538874004,16.961720448211008,0.0,5.896465364927657
3365,32.81840013888776,17.98859237445798,0.0,6.395158228963619
3366,32.441595508753124,19.883079966822006,0.22416306391798171,5.93056401919307
3367,29.786012134973724,21.407997925357055,0.0,6.123976372727333
3368,71.35808645114638,18.335789073849963,7.9642070218820695,6.315267509711677
3369,70.0087254043411,21.807459337626042,204.72247860102098,6.320583684107026
3370,67.73176047808141,22.732773091747593,361.7010824234041,6.19472690511475
3371,65.67389397215818,21.839902378802353,471.1712876275799,6.155794851931886
3372,66.42574971037183,24.247735034038733,474.36295685240856,6.3820930461127094
3373,66.95831379279453,23.390829035802245,461.39440245151565,6.068045649500629
3374,67.06512449524165,21.914181428257464,325.0053770951667,6.228394900262826
3375,66.35582071295772,22.699395050120817,164.4612714504035,6.378993772201331
3376,67.86955298192701,19.72365307264916,18.368169135199857,6.1480456903571765
3377,66.35258874945623,19.82557609397264,0.0,6.1924865014509525
3378,65.15651139107891,17.073181546312966,0.0,6.244964431887917
3379,61.989317265983956,18.08856175403511,3.4873517553660656,6.355937552992623
3380,59.64724398353733,16.399834779993373,17.720547740227715,6.23986227648789
3381,60.049130661612146,16.064761057973104,0.0,6.384432689616441
3382,59.41303088933053,16.31488974240512,0.0,6.01295849791348
3383,58.95058983734795,14.848519846370515,0.0,6.095671959764739
3384,59.3901006874667,14.973034451410262,6.778587695993555,6.192503233049151
3385,57.93398163618645,15.80885884676714,0.03311711243902465,6.248798699234572
3386,52.781079522783145,16.077886240420778,0.0,6.133729488373805
3387,51.364051748547595,16.19365740022307,0.0,6.123568351456606
3388,41.50810909425235,17.491180266692467,2.491815158841341,6.253973039758687
3389,49.65155634005881,17.570234460438606,0.0,5.9159901495545855
3390,46.43478431735466,19.47145870400932,0.8171344262763689,6.410534076334143
3391,46.98399399048677,20.224713736856973,5.786092717475225,6.343575431108206
3392,46.26827025376746,20.372913787725075,0.0,6.362357011312501
3393,44.63055228930547,22.17971439110579,176.37575533404302,6.239079830123208
3394,45.71608035910358,22.21681903215306,371.14713831353055,6.336661544276822
3395,47.119007111504644,22.93819491055992,470.8386817140034,6.1679651976487735
3396,47.41191659846859,24.106087891211065,522.785884489467,6.0921991967872735
3397,46.18945285682165,23.40690538274569,480.22221574081715,6.4009747619746635
3398,45.79174939214703,21.10663342900419,348.5409665373415,6.46753624462744
3399,47.279702436762776,20.48655470651231,202.68153285505116,6.110733272717775
3400,46.181450349138,19.55720345953934,51.9069909358841,6.2338517919255425
3401,45.726801830655916,20.92391270109634,0.0,6.0466863693682456
3402,46.580102693243305,18.484889754488616,0.0,6.217355753737137
3403,44.81245722597116,18.533589255994727,0.0,6.2281942696811345
3404,43.7226593145429,17.155138610663183,6.125753012927931,5.922403007927824
3405,43.427567088271175,16.81051219122627,0.0,5.999829021992016
3406,45.29648474504501,15.718500362293,0.0,6.21957552049143
3407,44.234133121543884,15.534384590673195,20.31713037985955,6.030511645607213
3408,44.49314359375083,15.092125943978612,4.513419319263754,6.187507554451583
3409,44.424107764872296,15.99009800123572,0.0,6.112263081709331
3410,43.12864002980424,15.376682375426274,25.7358200490602,6.210629623052869
3411,44.837467180880424,16.582860247841673,12.504569417462045,6.3486483837632015
3412,44.551842411109206,16.590224508687495,0.0,6.164682533000405
3413,45.03837734041324,18.82482694250041,0.0,6.246168795357913
3414,42.644519868494044,19.70983086036518,10.945008861347734,6.181256933910584
3415,40.97457120043242,20.04615300391473,23.69968895200632,6.426988580484274
3416,39.766279859994015,20.456113197357954,27.99821733979261,6.268479401754645
3417,39.43246394338173,22.737647629564265,177.25417698070362,6.320850726608265
3418,37.59810405191775,22.07924733568302,362.7133501993138,6.483680848254002
3419,36.827563638305065,23.061957660782106,439.97269170634786,6.059796864723811
3420,36.05702322469239,23.100295720067756,524.9979300509198,6.095560759225003
3421,35.28648281107971,24.825394215548826,469.5319414508731,6.183270021646615
3422,34.51594239746702,22.34536120919544,349.70533696192933,6.274985077770293
3423,34.45670056582339,21.49660764907005,199.0845423060552,6.362748685602403
3424,35.86326306114306,21.03350806118879,4.821033271765177,6.148260877910608
3425,34.780219058992614,20.873594286427696,0.0,6.035737447415864
3426,35.554933007773755,19.01211478441598,12.891697861426314,6.217827157650167
3427,33.75105103449587,19.392228403037887,0.0,6.095755677423229
3428,31.981582980299343,17.38653850123463,0.0,6.263734872881416
3429,29.209604324381854,16.367218887915985,6.702522661473279,6.252663498561781
3430,74.86074784696514,14.747711170716402,17.114706417216823,6.151916477574636
3431,74.4097331874604,14.116052896601687,12.806399109889977,6.122407332137226
3432,74.6605669104963,16.466740554507275,7.326549670821544,6.274102823268113
3433,74.05300665048554,14.915187793273928,5.975105591484581,6.036939684027282
3434,75.07980222019727,17.383294363688556,1.2489395332625859,6.277690322462696
3435,73.25224183075132,14.801406967524663,0.0,6.183059136804469
3436,74.38394267881259,18.568756876249296,0.0,6.366627364121053
3437,72.61838082854177,18.320368450128193,0.0,6.200386156902271
3438,73.1983989546272,18.133191431461032,0.0,6.12930935074455
3439,71.28139218407819,20.945177029516334,0.0,6.277857814824692
3440,73.35937963678252,20.78269520328953,0.0,6.28163351951722
3441,73.92782244865384,21.89297973400903,195.86522768110112,6.12823195791177
3442,64.99646949044234,22.708184808849275,390.80908941653865,6.010052052036225
3443,72.70497645419563,22.28998084155296,437.7597730737503,6.221179998025608
3444,71.18118482741959,23.281720935990474,526.6160783127972,6.170901189888577
3445,69.12372823098524,24.398096698746027,464.35862688663275,6.021261282202677
3446,68.45378362432982,22.80278020378162,378.39091368409635,6.138395008113962
3447,67.92108693088906,21.717772308755727,223.40918106453182,6.329646986307412
3448,67.55835406616556,21.377696837193792,12.079282382932448,6.080774427361612
3449,65.62395550589744,21.42827488062494,18.60074394446562,6.0857927950287145
3450,65.8419368701836,20.044413417648737,3.8610160591622966,6.029467355397314
3451,65.23005232332693,17.855842303353167,6.567770831060052,6.094595355984344
3452,62.87239624008783,16.939547318555377,4.889088992110996,6.3362822566563555
3453,60.50932261824964,16.44817899145229,0.0,6.410273460926878
3454,60.22656487944281,15.452816494256314,0.0,6.172819050885859
3455,59.68689583081958,14.256119442933612,0.0,6.263224140116525
3456,62.179407031273776,14.242978426902889,0.0,6.2767230814131265
3457,62.06790692270587,16.033523422031223,20.759417914087386,6.246929804965405
3458,61.215269336856906,15.670291113061927,21.363220697519687,6.3300462882897115
3459,60.668986741944245,16.006306774831234,33.44812064240316,6.295268077125632
3460,58.577253356402714,17.348100785513616,21.022434955159966,6.115183974413206
3461,56.14601785271869,18.76223903247642,0.0,6.286676038184356
3462,56.090354901890294,18.509925246680176,0.0,6.198477692887921
3463,55.899450001513635,20.868553211961395,12.681533220784694,6.095306536143224
3464,54.58667174750888,19.85869461271979,2.150422960827716,6.349439369701742
3465,54.25721592135115,20.20825486425468,188.61947012132214,6.15824132016231
3466,53.940714497566006,21.75618207757563,349.9318479956404,6.188814709748282
3467,53.421855906279575,21.586741347340524,475.25204057092293,6.192746738903534
3468,54.224889957842194,22.476447079371084,505.03185614523477,6.1561387545425985
3469,52.89389769363033,25.583291550760144,472.6108357689252,6.077708229206538
3470,51.90648737302315,22.64427703202582,401.120655471697,6.350873958903358
3471,50.6095226008515,21.271282889775524,213.40867333466792,6.4000716089565515
3472,50.16960113617796,20.941443408330496,0.0,6.390122184815652
3473,48.467900266748465,19.20402875313375,10.365504560727075,6.151768375787699
3474,46.85666537793055,17.742216164908097,0.0,6.038237428950368
3475,46.66887905667279,18.482973988164428,0.0,6.223579129917653
3476,46.902599849507226,17.26362718256465,27.981949585268286,6.289182638546238
3477,47.00095175785009,15.799239497858766,0.0,6.169478986746786
3478,46.8012954538763,15.604995150878784,5.891370251503277,6.441460713578715
3479,45.66241325101022,16.024484533465195,0.0,6.314327079716593
3480,46.00828997524362,14.244089305912821,42.819405926607075,6.219822201280493
3481,43.444491986749405,15.433301867592904,16.422135079267804,6.468331549850335
3482,43.79846339845206,14.604477317872671,4.108265409155017,6.3631825815259075
3483,43.838963831492094,16.494722658019683,0.0,6.121030795660917
3484,42.680730741035276,18.40394520621052,0.0,6.296802510523287
3485,41.6126325499788,16.705498874268955,11.731186267916963,5.978862807872733
3486,39.17843316653572,19.994640277145724,24.626085271373714,6.230577791488917
3487,38.94439684392308,19.57880613940586,0.0,6.2876241849200945
3488,38.72657691264632,21.354355159725866,22.060969840367235,6.135941939467267
3489,40.349728706038,23.685580071283276,221.00252656211296,6.176097220375905
3490,38.24292834770317,22.730772924605958,364.3136423845604,6.257279775667794
3491,37.65384956725785,22.22670921010176,467.9920136190033,6.430407943315808
3492,36.77317589149214,22.455538965362198,508.7189264779867,6.2981781861410955
3493,36.50924045486995,22.821396055552768,486.5759763547444,6.112116487373173
3494,35.687878425640704,21.813049231486385,345.41533874274324,6.289511092630395
3495,33.61969225993834,22.29002084192818,185.05895093704547,6.337498543363073
3496,30.63080511919018,22.263670187968472,0.0,6.186432826116151
3497,30.42853437277175,18.857182872885705,0.0,6.3355073897624195
3498,72.35917424940591,18.85701524959484,0.0,6.6448671826894445
3499,71.41009217676947,18.902884779405618,7.096362363567868,6.288935678738021
3500,71.62676661900188,17.92151781820433,28.47331160484781,6.360592876225746
3501,71.75341607951773,17.363735149301817,8.353502013039195,6.395811302258326
3502,72.87107638320433,15.074565184170925,0.0,6.2108798607462505
3503,81.67056928846515,15.393009613152326,7.765485098528673,6.575674755772685
3504,83.23259465813545,13.852944782213743,11.283993761178602,6.259199841661936
3505,70.03089535189778,15.468669024445871,0.0,6.259065942891905
3506,69.99570141963137,16.46973683173122,0.0,6.327506592533542
3507,67.93670591677923,16.07707878064487,0.0,6.309645522824473
3508,68.1368080810449,18.214233370243978,0.0,6.201777487308092
3509,66.57736584685176,17.303158942229825,0.0,6.519896762740465
3510,66.32168762926617,18.465413927390372,3.614804306566817,6.132930043583224
3511,63.92272529025392,19.978247892762756,0.0,6.22819757981814
3512,63.899647223679324,21.868636968061164,36.933182794437954,6.217565325195344
3513,64.5427661280831,22.506140586731057,240.1908857320205,6.280622194205246
3514,64.8394804939184,21.141182374172637,350.5154555961643,6.027703425659138
3515,63.85024119185234,22.46605645567051,456.2947211040837,6.345752250073231
3516,62.53086406431967,22.22668027632336,528.8909615095885,6.4112452470706085
3517,63.38652582690906,23.018899725866014,454.1255029167737,6.24052589015257
3518,61.44274476022395,24.563231672425093,394.98972765033136,6.011986294892514
3519,61.28423622752248,22.55581995199306,206.17988841019385,6.065756635183484
3520,60.87715056433226,21.186794175661277,34.415953205506256,6.438735169160673
3521,59.69750641811662,20.36481580807016,21.06620559283741,6.477457355588479
3522,59.290800402254504,19.738133167099893,0.0,6.372091454616934
3523,57.194319204699894,16.887420363476256,10.260957348205014,6.251519418705293
3524,57.220522034901656,17.551691445602877,0.0,6.057567065344779
3525,56.85870974544441,16.10925911784298,4.717301314991417,6.360026661141924
3526,56.53165556329699,15.409988950220741,1.396632165885717,6.3540314016367505
3527,55.986628682893034,15.927436834800284,0.0,6.25774685892762
3528,53.73002628847686,15.682199702103368,0.0,6.2240751183296155
3529,52.582092185432366,15.446490686041377,4.851918743069204,6.1546888594649305
3530,52.54272102648878,15.18385928799386,0.0,6.12108467157752
3531,51.69464772251903,15.656469631002944,9.474633215373142,6.153561952120086
3532,50.05789818713988,17.786001407235357,0.0,5.959974487984107
3533,49.96183648247924,19.77565828631821,15.798154937077864,6.189883225647914
3534,51.415819998482085,19.110195672659245,2.980622526880336,6.187690429652174
3535,49.76076855609,19.460899961803523,0.0,6.344318043163724
3536,47.565569680843716,22.047573283475284,0.0,6.166863197899454
3537,47.54673937205843,22.121421981416173,220.9392950389232,6.179624387525352
3538,48.69918764290945,22.225204142567364,367.21045248559045,6.255476814350728
3539,49.45357751846558,23.039249322883244,453.2437218507494,6.387066075105231
3540,47.591946469808946,22.527711691078103,440.03585683019173,6.177370316565342
3541,44.44247969351692,23.544930995813008,474.05491309979277,6.1494267797619155
3542,46.45194236586395,22.795302111801906,364.6524053015429,6.28838347765434
3543,46.70293407426424,22.0646695330201,165.3134917831465,6.489496230849922
3544,44.68459677669405,21.811439465154344,0.9009698647813131,6.038148972422927
3545,43.28891783272518,18.886130652812277,0.0,6.169236255537031
3546,44.84487496130344,19.559509477033064,0.0,6.084916923171874
3547,45.075527646380095,18.665206120884708,0.0,6.157327732840197
3548,44.610072063770616,15.352466619031603,22.749078158475943,6.020399449135617
3549,43.25055476945146,14.378040993580079,0.0,6.4406690080365046
3550,43.36709173283137,15.807323642960704,0.0,6.237613052935571
3551,43.837791654064425,15.21255619138957,8.498392047873674,6.427134459038583
3552,45.198762231415564,15.578893406433963,35.706782733936244,6.127641661877317
3553,45.6682831630398,15.031292802422648,1.759285549485514,6.339617118404471
3554,45.58456982864166,16.184309221387455,34.893101238173784,6.047406027743725
3555,46.09936383940394,16.403410275294085,0.0,6.169518394575327
3556,44.95114182857636,16.392459295742526,1.781475394281228,6.183959427472171
3557,44.378477419365794,17.59183889030089,0.0,6.2083908919568955
3558,44.12594327553219,17.698972883811244,24.271058907870046,6.324549752480085
3559,42.190615187457034,19.462084403215737,0.0,6.428903379814054
3560,38.363310892526535,21.01272975210889,16.645381220598033,6.384090953161191
3561,38.42246264426266,22.455284319075066,240.65680526178278,6.128029642601859
3562,37.34240556834667,22.79910992009623,362.01270352132894,6.188491178937329
3563,37.3253272071682,23.394263926017857,472.3080828776725,6.1481050437876394
3564,36.935817549625156,22.666400814939664,506.95031596453816,6.522205023131865
3565,36.12573418080139,23.17659625371907,443.253412218511,6.233319471495515
3566,35.85105949050565,21.78930790709243,354.0901042860555,6.459765658773514
3567,34.461875245485125,22.082033971306924,225.5106620089776,6.308722738707439
3568,33.42606658063098,20.362379481949503,34.9700122303466,6.245318507383992
3569,32.31858579507412,19.436890643843384,26.115531565750413,6.3514407633420475
3570,31.725777688004747,20.02382507967895,0.0,6.248642005289522
3571,29.6327243099001,18.463237697884274,0.0,6.363921870006892
3572,73.45162318808815,16.67632863385751,22.281648722708773,6.159364288269156
3573,73.50879133658017,16.017793224821844,2.57117842738773,6.195877189346515
3574,73.16902207619195,15.967723675278078,0.0,6.421262026181487
3575,72.52122190019033,16.541384654201316,3.90280099517986,6.184963092351318
3576,69.78854466603632,15.239545998756762,12.202670901758687,6.27617005255548
3577,70.76981990794684,16.08853188518705,0.0,6.05824002049719
3578,71.17167248529712,16.257385829879954,0.0,6.378815064130045
3579,72.81645259873116,17.2389599581975,14.285016917978012,6.465084779630151
3580,87.41103819355698,17.52203448107467,0.0,6.271444977242926
3581,72.96980927334306,19.163023492307058,0.0,6.185457605815818
3582,73.85300841812854,19.166022772459225,4.910563441123364,6.30214270053611
3583,73.78029998566495,20.454633382867577,0.0,6.262842688530159
3584,72.85796554273975,20.312163872134825,56.76767457705914,6.413453881159523
3585,70.83150440734913,20.57676001063968,226.98933924303617,6.3863240496827425
3586,68.04287078878293,22.008434189958855,356.4221947191189,6.047863706005717
3587,68.12330931440697,23.792274331268416,490.49566061513974,6.159998031838695
3588,69.55659554436888,23.26062070279117,490.98663644863984,6.506267965471419
3589,68.84607454998475,23.908234922747134,476.2826071120344,6.440926305582225
3590,69.75872234235563,21.2215103834816,355.5987377805515,6.401082609972114
3591,69.70718686883669,21.487522808062117,197.53852117567587,5.917327261580729
3592,68.002687872491,21.12127012210351,75.61461659734721,6.460046655774311
3593,69.01773762654587,21.07178363328819,3.7640417684563445,6.455316316773664
3594,70.15925128625061,17.91167187645004,16.531679302744962,6.400091478548895
3595,71.18871228977795,17.90666410631249,0.0,6.211215299335074
3596,70.00140447482178,17.910017606112834,16.976109154628983,6.227385058193059
3597,68.35743928136293,15.79179513872004,0.0,6.329261106851269
3598,64.86841189435253,15.302387686527329,14.208490681828989,6.108414365650261
3599,64.97797908906753,14.93910546871533,0.0,6.132345373386957
3600,63.44888018744438,16.049747206695823,0.0,5.983065997296842
3601,63.283137383535724,15.290905696171258,10.855917011002244,6.519335065928302
3602,63.47472173269186,14.857184235420382,17.241151810930898,6.226810111283973
3603,59.55965636263302,16.87306370965979,0.0,6.406825553291821
3604,59.3502236524632,18.23189712429872,34.43928576264351,6.410819549509189
3605,58.07052789191297,18.5523085654387,0.0,6.266748966141855
3606,57.47726164441107,18.81819748281139,0.0,6.297686674198601
3607,56.72302873443179,21.03348714888898,2.7341064551452443,6.2337168596569
3608,55.53296231492835,21.469761971867598,0.0,6.242197265033225
3609,54.28054203611492,21.57958713440969,178.9297526373205,6.091652362447228
3610,53.04499438526845,22.47683131134805,375.7225101488347,6.266878916560832
3611,51.29119978277855,22.872123321178385,437.9362614997498,6.125890091511519
3612,50.15667567873352,24.608592667092868,528.3332261659591,6.342304810197762
3613,50.80225037401285,22.6825687014015,454.31396215388907,6.566869690774463
3614,48.710663610208435,22.649791549684842,424.37091633913326,6.051869617737645
3615,46.880739257688354,21.993915072385665,170.74435260601166,6.282721850269971
3616,46.88153878781146,22.379799993821063,17.763461016382273,6.223976778015584
3617,43.27063182786069,20.21084398876528,11.188164684108298,6.283258652685198
3618,40.93098676290871,17.825346763170227,4.526319057969571,6.2997539481931275
3619,39.73286265864782,17.840742281941836,0.0,6.149057500466628
3620,38.52157942245464,16.677654854634802,0.0,6.344613759834281
3621,38.720307749421266,17.364155156385586,0.0,6.163741914872025
3622,39.07688655069292,18.00763933818518,0.0,6.216059443429937
3623,39.30544577291539,15.8158158907909,17.70476611480379,6.352707948526326
3624,39.17247350457731,14.762469575002473,3.0769532043328263,6.182936942613269
3625,39.16956230808111,15.894564924582626,8.450362886832055,5.9777108484236505
3626,36.57685743952995,15.12140732948971,7.642625517816071,6.126701870008724
3627,36.000698657703985,16.270362349062854,7.5259555838213075,6.22169961731218
3628,36.55167936290876,17.711714161621977,30.77694580938688,6.3549370451176115
3629,35.125834999338544,18.219163310908737,11.737358717166721,6.298564135864315
3630,34.843241540746284,20.913769977571842,21.730611157976437,6.308364775161332
3631,36.79146218691951,21.181817103624574,0.0,6.319603140601704
3632,34.563756445552066,22.81226836693061,0.0,6.420234709013716
3633,35.0428079627137,22.227358010840334,217.9390745205198,6.288784687883553
3634,33.69824121958091,23.747796631089468,341.87899216968196,6.244945902353938
3635,33.87565047486034,22.793486790855155,446.2480000003335,6.324155237452449
3636,33.88946873260397,22.920362720235723,535.0281814749782,6.235425063453113
3637,34.42639156451284,22.9672417021974,447.075250393285,6.476908137931971
3638,33.608497125642174,22.07242020100283,353.7153075769896,6.447662214761393
3639,32.54856473118374,21.13374131356041,231.9968222631313,6.472158876610575
3640,31.79654394083355,23.394340616021566,20.747380782558633,6.293637410415826
3641,30.770021199760638,21.21814107603235,0.0,5.971867139432741
3642,66.8506895650899,19.078261973432056,0.0,6.276545690873412
3643,65.13545522889699,18.66019586665357,0.0,6.224155698811366
3644,65.02820846360568,16.04487661034113,15.62514381992515,6.3828766944980275
3645,63.33423630313047,16.79616951635568,2.300511326856143,6.366637072009048
3646,62.97259789532444,16.659452642191233,10.449282347801914,6.203359710256218
3647,59.13693595819283,14.320960724392231,0.0,6.178193729987848
3648,53.993126509442696,16.670148445136302,0.0,6.10038069665025
3649,53.39845191735901,15.842715964635799,0.0,6.278266736636464
3650,53.710065496634144,15.050100485027768,0.0,6.263427243597435
3651,52.62521665516618,17.435683483587997,12.419951317454707,6.580462272929137
3652,51.54036781369821,17.936735334881785,2.6482995310726896,6.1860397949895765
3653,50.45551897223025,18.474925005892803,29.690415316973993,6.598165887081384
3654,49.370670130762285,19.45813658727501,5.7253403035788235,6.312322116570658
3655,49.01872153808964,20.25387282778777,0.0,6.5175379311371895
3656,49.03952646090238,21.717817698057132,19.12424312698724,6.187461359089893
3657,47.375898235647405,21.018966757182696,234.21172415898124,6.21029451222105
3658,44.480359180849874,23.478140697835777,368.36008624079693,6.313168264825994
3659,44.8023281965058,23.62526130552218,454.07165354881175,6.377030615060257
3660,43.539139171997356,23.697020245198388,516.5082823649748,6.4870576484314
3661,42.893706533464396,24.181890292768358,453.62014612030447,6.3657884699363985
3662,44.58268179087789,22.406242176583405,376.1529400559545,6.132643994364601
3663,45.355137651290605,23.408065739907435,215.912049960434,6.282232122308883
3664,44.67666374638946,22.033996652084344,46.17762060983202,6.203593627859331
3665,45.729817612604535,20.063393075586948,0.0,6.290489238818547
3666,44.699090935365206,19.15075998905661,0.0,6.353631500961699
3667,45.187919030909825,19.006559481777593,0.0,6.140359700045888
3668,44.392664862590095,18.52146756157912,0.0,6.351275671610884
3669,44.233946763216736,16.110461275921146,0.0,6.238433462173006
3670,45.453795752324964,15.587315072261513,4.256652142506939,6.182932791808389
3671,45.97331531456481,16.225469975893407,6.6522551789994955,6.10381533945686
3672,46.65699424542814,16.787370050131532,0.0,6.402333874692688
3673,45.33486478286103,16.0527262826479,23.21905381485123,6.239867464186846
3674,46.687024611399934,15.569552218526773,0.0,6.115794115439159
3675,46.01066915208913,18.10328885402942,11.729062606672203,6.347425766847952
3676,44.522614954616074,19.174003382368085,26.355533954518492,6.235752887339731
3677,44.14272821293354,19.036552458106684,31.674350912790796,6.296746923860443
3678,41.98465304327952,19.286037904244655,0.5842203142147957,6.297434086688956
3679,39.956156812703284,19.67129106304425,25.061274538578253,6.132801898118517
3680,42.27979049759109,21.96376676041777,30.99606014652598,6.276052425425427
3681,43.549479794906986,22.96702322834231,197.78969572103767,6.05102570696405
3682,43.038345520796014,23.365967190036592,365.9060582176286,6.278302707302722
3683,41.85184782316131,23.444084376676788,479.8082068553583,6.4364080953832
3684,41.52299758219516,24.702158447706967,500.3619992864779,6.083244712739663
3685,38.66997834587916,23.460867258918327,441.01549064292533,6.36092756251387
3686,40.74196063131041,23.09551633675487,390.14328323296206,6.125680962157778
3687,40.7293686259955,22.658992525345518,192.37740795697817,6.056194081941294
3688,39.274967864937025,20.93938680886465,33.34775755914036,6.134913083189493
3689,37.57212321794764,22.12550845214438,0.0,6.172576681827646
3690,37.34100419882378,20.116351565435323,0.0,6.215387364637672
3691,36.64262700915651,18.821198090444543,17.061209121032217,6.392645899949535
3692,36.41064934219492,16.95103800212463,4.023781188008856,6.2494272305639464
3693,36.01034254769298,15.379031842374529,0.0,5.950859179809684
3694,36.520087214337444,15.158141904012561,8.474793536826866,6.295169581386921
3695,35.41556862314038,16.292741547822686,17.752459267607932,6.238015119882549
3696,34.15919417288238,15.31098827568104,31.79323131686781,6.2439768988705175
3697,33.40216569482147,15.996113917465443,8.900853997883736,6.297067545578077
3698,32.83651960406909,16.716871109338754,19.788021273394204,6.372025340962256
3699,30.937900744954753,17.8781403190433,0.0,6.368807972616495
3700,29.506338227937434,17.059886126556723,17.79127350114314,6.276426479450376
3701,65.65723434865156,18.420241576064978,0.0,6.234564738401924
3702,66.92895976436259,21.073580952378197,0.0,6.328915498489872
3703,65.40931212250662,21.497883119633453,0.0,6.202875539213555
3704,63.5337222989886,21.544136681872192,9.431858737539322,6.239580627410607
3705,62.630667568040415,22.108841792457547,226.02049421780015,6.3622768622666825
3706,63.53951590223269,24.371626903201353,316.68910595991224,6.16349348265313
3707,61.752160151050774,22.348516753576156,488.1957450580904,6.178288379386251
3708,61.0804834631456,23.990908320690327,506.7718886623172,6.286835411913763
3709,59.73321305736882,23.51239714019522,466.1217882699481,6.2313472550575355
3710,56.396089581334884,22.236739900793992,362.7139818073193,6.344310320848765
3711,55.32410585598251,23.208017989005597,249.4862454562353,6.2256552636089095
3712,53.55013590890967,21.395299509615807,27.16493038578838,6.216475815494854
3713,53.91337136128911,19.6006604232077,2.0410231462570234,6.293561830686874
3714,53.62459321540811,20.338538937703827,0.0,6.16107961586826
3715,52.43556790639449,19.316123981206935,1.6005417669509334,6.431786150597917
3716,51.62008747332772,18.315532743263297,0.0,6.267013046770593
3717,50.75568134983215,17.931291279495486,0.0,6.03513002982296
3718,48.48317767773541,16.09696906878559,18.157212754089823,6.265686483797771
3719,49.02613853572372,17.10180825030138,0.0,6.318125441036554
3720,49.13593561516146,15.9939951766232,16.497680754575686,6.165420359903039
3721,46.18619921226674,14.69107244339468,0.0,6.302285156112368
3722,44.38769971383315,16.465636811789672,22.81925864730816,6.32438616385841
3723,44.090478718832244,16.505574296245168,0.0,6.114478491519444
3724,44.24474780895655,16.47062273338669,24.56655421088923,6.193743593879564
3725,42.687934229315005,18.331370022360744,0.0,6.5242484518630794
3726,40.790968552118386,18.852688292304162,2.3124158084286712,6.154282070953695
3727,41.283945618439965,20.965386055443798,0.0,6.145085162608516
3728,41.864954259364566,22.55855274897305,60.430597514565385,6.425196409152223
3729,42.78438477860728,23.28576327922662,224.1184185073418,6.507185085889217
3730,40.84382074454469,23.319058089070108,387.404042887798,6.393108881847502
3731,40.26156648497342,22.88866364896006,486.2019064792657,6.174971290708568
3732,38.36606443347691,24.52699939579027,506.4367038004554,6.176423743590274
3733,36.60042364759998,24.45613823583471,468.7591779048694,6.293391692332451
3734,34.1686375518632,22.380035293396066,359.95114836269573,6.434369349914136
3735,33.64002665178143,22.585932064751532,218.7341873850301,6.352017427450394
3736,32.4626220295938,21.372842731178633,29.914038625068258,6.049207301943932
3737,34.54869561694455,20.697803823636704,42.018322784698235,6.266178165343962
3738,35.27687621127958,19.92609970421579,5.849683758845917,6.226698375021737
3739,32.376843394695015,17.95530191737938,0.0,6.357215449123859
3740,33.10776862619869,17.41881264967332,0.0,6.3397025044738635
3741,32.08798387253625,17.724786708239773,42.30103364284405,6.331190472360327
3742,31.206552058871427,14.747994394346232,0.0,6.159378610361297
3743,29.56257629250789,14.899280085753848,1.8823082699846139,6.328315972808572
3744,64.25885071913483,16.14953754479896,18.935390920138687,5.997363818513695
3745,63.36682332238985,15.400198281187356,0.0,6.3786632330092825
3746,63.37278090777526,17.028124903975478,0.0,6.370641495768477
3747,64.47248224795005,16.64316170242928,7.399584277614939,6.180574992602272
3748,63.806104344240936,17.137136614795196,7.859081263468825,6.344229971731177
3749,61.670231574130845,18.814673041862594,2.650161936843624,6.05976060295842
3750,60.37244532799762,19.32359092048463,0.0,6.367240562895181
3751,59.243846115969305,21.007164799167143,18.539992574683374,6.195970392066918
3752,59.759388210823055,21.214149403405095,19.935323453731264,6.240528439542562
3753,58.15283868165955,22.89720642773513,205.53786404442815,6.190015747459011
3754,58.45269835240563,24.008600219661325,362.1624266733163,6.216974784379717
3755,57.57657958719327,22.76336665218519,468.76421462356865,6.2523783229343755
3756,55.56120198517456,23.892013294620227,512.9230217871225,6.164281955356593
3757,52.14419912203483,23.988969614405992,500.7960902676048,5.91579385039916
3758,51.61144567385429,23.384854990921998,379.6909276833242,6.099522152386013
3759,50.246195096502404,21.844216788787485,226.56057233887447,6.381836867442572
3760,49.81225812499558,20.923966622345482,7.646681601693565,6.345606756194376
3761,48.09625728426622,20.86558701554129,0.0,6.469104228223497
3762,47.43256406659782,21.045847379575267,0.8204351248692665,6.491035566546817
3763,47.29038055972719,19.855212096093382,25.552666996156184,6.338344400293089
3764,47.55063760715287,16.26310150840554,0.0,6.193812946306138
3765,46.940305420819755,17.951960711358968,18.516092831921185,6.267227076869709
3766,46.35912878273618,15.93456793277125,0.0,6.495578925147404
3767,44.22771917186118,16.56016201302133,0.0,6.332371589379658
3768,44.7953442019655,16.229599017340547,13.508945928691794,6.3907889477829
3769,43.82690899012338,15.671274909097363,42.23226436835945,6.34693006898241
3770,44.3718108865618,16.905175363181367,0.0,6.226654815100405
3771,43.561285884856645,16.51590160628189,16.44312865314326,6.316263338515811
3772,41.80527366725497,17.5263917913181,0.0,6.308769050477206
3773,41.76513557696412,18.628789097710236,0.0,6.108035462046322
3774,39.28850787900902,20.148812974150196,6.759236332267569,6.275957677358291
3775,38.12609309812691,22.056246841855064,0.0,6.418604856446378
3776,37.22330055917503,22.791398122172318,9.10811405563706,6.253798010919995
3777,36.55920233656227,22.996342151451817,239.205256347597,6.39133892641672
3778,35.75037674610619,23.78520190189841,397.1753791064898,6.356498176275468
3779,36.21055111251085,24.284723437295856,456.42429397023886,6.393457115731648
3780,36.58543753565416,23.13864944263484,546.8128658236616,6.177581423898014
3781,35.477424357370495,23.402100499330924,470.6094055830814,6.200548590362321
3782,36.89798366963275,23.065684961621685,361.4833739822366,6.196063401001825
3783,34.27289692942246,22.267263179761166,252.64873609822448,6.182686023086048
3784,33.68895619168087,21.302860960256652,66.28892851693554,6.279486897833374
3785,34.261104848046415,21.616919072084407,4.665751631147587,6.264862761496084
3786,32.488811055550414,20.188902730311437,10.929745581554664,6.099743513175092
3787,29.08400443749341,18.802126145850025,0.0,6.552993882966178
3788,72.54723109472441,17.12109796939656,0.0,6.260494539402104
3789,71.91505855466256,17.575997635509903,3.20262305521206,6.193174616052653
3790,68.66131680175933,16.357263499144484,0.0,6.4061526130292
3791,67.34084135139494,17.324135064189374,12.230421874082516,6.417277714193245
3792,67.2962968825237,15.919575706710859,13.74354950197297,6.324508293077921
3793,67.91018119879541,16.022929339014002,0.0,6.279698428961965
3794,67.27899779410808,15.749414219016927,0.0,6.272741068870681
3795,65.92926893955666,16.716463331619327,4.744459280682488,6.127048542031308
3796,64.00013077824335,17.930138335611023,27.57822486003365,6.326856891455268
3797,64.25354720250766,20.083898105145934,0.0,6.3232150211003875
3798,63.86518495938767,20.616428928498536,0.0,6.165217721337181
3799,63.98270216579578,20.761383367620574,9.211317572030875,6.101793303322156
3800,62.889697987880055,22.57950002880403,38.46451716182536,6.17703730881915
3801,61.36701337469873,21.809638771140968,230.0464500052706,6.305296378878303
3802,63.29000065461717,23.097162469956295,374.52276548915694,6.269061350454646
3803,62.73786862123119,23.665392007973377,471.23433513717873,6.349819660340089
3804,59.71526731181083,24.296833528675506,473.86357317677704,6.502595147807335
3805,58.36889234796239,24.092125682164596,477.02080709838054,6.233580978237911
3806,56.0969382110837,24.85113010449045,404.80218865060664,6.186563660751376
3807,55.73411540745955,22.753203807429937,227.16322719009014,6.355994420873582
3808,55.672763156086155,24.313783521998317,57.68973334759448,6.215684698689499
3809,55.37003422093248,21.47819851603209,0.0,6.169122361274085
3810,55.77004352733303,18.512128207389207,18.063351839895528,6.050164724977616
3811,54.44204760595327,18.658064455237568,0.0,6.337750511335349
3812,54.19826173641071,17.718782002562214,11.591624959696084,6.187094630406149
3813,52.770007098398615,17.15061074758669,9.239634217909712,6.465759574418337
3814,52.582716658128916,17.39228648335656,0.0,6.282476619938656
3815,52.6738698194376,15.302726200330698,9.126261159173819,6.3565737445313255
3816,50.291069677567464,14.604359618049209,0.0,6.2952438408531135
3817,53.319748645672504,16.975861056906943,1.4439905649942455,6.459150025102828
3818,54.1230736130243,17.00805937803068,21.98146125107932,6.135311222564689
3819,54.500539013756956,16.955666387333135,3.046597788975853,6.39907608912783
3820,56.98483420572753,17.618520554189644,0.0,6.282121621460925
3821,57.02366778287381,19.41447569511053,0.0,6.307365591580736
3822,56.53392222641506,20.747421635445594,35.21256069248985,6.198408646571978
3823,55.55007228586117,20.877540859892918,3.9633696636450804,6.306903552405226
3824,54.79348754432301,22.875509709279257,9.34223237795441,6.358274404844425
3825,55.21581030480941,21.978002667795582,220.7624782119045,6.384086768644341
3826,53.47845568423064,24.058658756715165,358.76400332220817,6.472737023691313
3827,52.014332778213756,22.555638471212824,484.97815092269667,6.337946102767685
3828,52.383706653408154,23.73035593273194,489.6653912495629,6.2712845061869364
3829,53.7580254640801,25.113885874389794,463.75795439671936,6.343977454743927
3830,50.808745832323865,22.791652668760687,389.9975022502239,6.458112082653814
3831,50.17030830960364,22.7883020173859,246.1164572667697,6.187611740019516
3832,49.27156554701507,23.06701464791233,77.34114773040389,6.387514012436841
3833,49.60231179889121,22.476582948209103,0.0,6.283912589072522
3834,47.190593832309986,19.98813847374888,0.6710319363648521,6.142900587474566
3835,46.95545880301146,17.782399579186,0.0,6.411592655441653
3836,45.818586121102754,17.258985757930795,0.0,6.521820274155493
3837,44.29918905785817,16.55459927081192,18.150141259412518,6.340394903351218
3838,43.877012172069755,16.432091866282317,0.0,6.411678536123063
3839,44.4741941101113,15.992810415582172,0.0,6.1246374185971195
3840,44.75918172995532,15.165330920256963,0.0,6.3147330381455475
3841,43.70034878550561,17.041539461272322,0.0,6.38534098669894
3842,42.686494585285494,16.927203198368836,0.0,6.430975145633993
3843,42.56120021021171,17.285955448318536,14.20260058876951,6.298038054415969
3844,40.730205033757755,16.88774524653333,5.569175788948205,6.5725128711279455
3845,42.782810750245694,18.179041667595584,0.0,6.201875475175717
3846,41.28777879735248,20.65253918802068,37.82910230538442,6.343234148050734
3847,40.692956062490644,20.510637915310635,0.0,6.2995682860301425
3848,46.41374829576738,22.362504590017334,77.30342835795192,6.259560175498214
3849,38.213387611042506,22.895016004754787,263.8079865198297,6.406660694761045
3850,36.52074672669467,23.76252006929332,392.53610772091463,6.297888977076113
3851,33.51513412985242,22.254458203894313,477.3010761257361,6.361402529207381
3852,31.777833461734065,23.91361428750741,526.68964701487,6.173099997205185
3853,30.78344648065898,24.34936524627638,480.73369881390437,6.568195742559625
3854,32.997907693764915,22.00696603760437,372.7494489570287,6.364315519164825
3855,29.90622897290149,23.109167548514414,227.81286492501567,6.2700755544256745
3856,65.64143635703728,22.048192757603278,87.30689089173386,6.397903853044817
3857,63.04954011355168,20.92364126864394,46.34707531229722,6.176830554734964
3858,61.67935917298771,20.56971904147864,24.917181623766904,6.244406465038461
3859,60.437041528188466,18.97159185074088,20.20741700380664,6.348068212055592
3860,59.55482548849469,19.808344694827124,13.96098516629646,6.42854195244203
3861,55.07588104173593,17.553782039467052,0.0,6.087672387423493
3862,52.640442744955806,16.060168695943354,0.0,6.302492962592427
3863,50.2538212555451,15.798975626934999,8.85506642618209,6.312193881922673
3864,51.17157215370106,16.116389081254795,10.119861331359743,6.352110514527434
3865,50.17005011343567,16.91135208128605,0.0,6.341986887273968
3866,48.68783639938591,15.519287711613217,0.0,6.3422551973891
3867,47.081614064334836,17.879865846726236,0.0,6.280332794040435
3868,45.51943474041799,17.55451468126363,0.0,6.403636237287497
3869,43.86122861208203,18.981756044644197,0.0,6.105455992912055
3870,41.49887020441398,18.935548716062474,13.90889472785107,6.406470052729287
3871,41.94274326463174,20.908138930149903,0.0,6.323723859693032
3872,40.753738738896615,21.83336407877499,91.6536992684835,6.350502728207771
3873,40.30630395842539,23.729838215471972,234.1720148435146,6.305830356309356
3874,38.8091255766286,22.996025971990733,393.33037853098546,6.3661114600533235
3875,37.737534751282396,24.67971124212776,456.43073988024236,6.1891619246402785
3876,38.62276707617525,23.264887859106754,515.5935303188578,6.192846531497238
3877,40.65821181878975,22.667494831427028,446.556525611603,6.408077381058689
3878,38.48895561482017,24.238341674951005,352.97595516421404,6.295246334173598
3879,37.40527851269132,22.018589181786147,269.76267903672317,6.236061805866288
3880,36.294552396075176,22.939894232514785,98.6459276154327,6.278264381839707
3881,34.33253813869483,19.95210846243417,16.066320854756583,6.117752595509552
3882,34.419678877873984,21.44764415398911,0.0,6.216424538393008
3883,34.345154499360056,17.174449523879623,32.848384918566445,6.320538373298191
3884,33.688312871551645,18.506407916557816,21.193973716082787,6.1781305931421775
3885,34.327484694479146,16.778394173433448,5.931676743016057,6.366489706816343
3886,34.60832846636085,17.175227166258498,23.15526837474243,6.405754394001808
3887,32.566128923098894,16.197976054658362,0.0,6.308988132599537
3888,29.963593206462846,16.85659221066022,18.889268912572433,6.388921493087848
3889,77.8851803358344,17.132065234283683,0.0,6.192451573226031
3890,76.26103174676462,17.543703628828595,0.0,6.355972640258609
3891,76.56548393815447,18.475216357278402,10.089913537106126,6.256722681681846
3892,75.72674193272714,17.38988385158575,0.0,6.2743615604158816
3893,75.54931762367671,19.56762727971303,33.9883998480338,6.271681174392148
3894,76.2483869559923,19.526914172432296,19.799017088002156,6.5067008193612095
3895,74.22009524965351,22.510382467397353,0.0,6.4194768436582965
3896,71.80981999388644,23.310880495459944,67.44750810349893,6.478624111800054
3897,69.70277235121917,22.534774880165518,270.82859767327733,6.135600431940998
3898,69.06567119015189,23.727896166368303,387.3114571413932,6.347019853662347
3899,68.45627324659594,23.78587844124471,470.2452429513885,6.188975324896077
3900,69.56439232470181,24.61922339525268,493.2450193459613,6.227882117044622
3901,69.24911215045016,23.06480874356021,438.56090203037314,6.358916594029791
3902,69.3800717372274,23.50985223545185,335.46106799212845,6.358116500800409
3903,68.39844403272092,22.871279891325518,239.83515384274725,6.320676101948719
3904,67.35408793704477,22.170779803108815,35.59718543490057,6.506097782978198
3905,67.83635120362469,20.75036060044823,0.0,6.3390412750737
3906,57.63148862460926,20.4521830047665,11.329309682190686,6.356608766822252
3907,68.00249851068797,20.380171146736433,1.4321532453444472,6.089026000812779
3908,65.80546334505271,18.575108211382062,0.0,6.56938265277988
3909,64.48498282419436,16.184941464846524,7.291553920555163,6.289882578799806
3910,62.45321769226674,17.303249067062733,0.3755544677589392,6.3563996306665755
3911,60.371970039667346,17.0843145508046,0.0,6.4349786911860924
3912,60.49759522648322,16.590067397218064,0.0,6.261439012667878
3913,58.21892812920175,16.90327937606315,0.0,6.236388682234986
3914,55.80028005131653,16.008159454027684,0.0,6.171882302252922
3915,55.15279448269303,18.154775809991172,0.0,6.260131497008338
3916,53.87229016821726,19.879780059480208,0.0,6.373345847726327
3917,50.714482232248706,18.858269635243115,0.0,6.235978674310403
3918,49.73540267073546,20.097070632956456,0.0,6.376702370258147
3919,48.37485492043905,22.02148457478774,0.0,6.189092871446786
3920,48.07820368606574,23.073297932127847,95.06624512204456,6.046403176182377
3921,46.66541970942647,22.926576648459886,237.91689435552692,6.299413303737453
3922,46.158928013906745,23.452264089678007,391.8531520622069,6.329943758110615
3923,42.767114993429885,24.648683240973703,444.5179451080225,6.277176111850084
3924,40.00375892992616,23.966308879482686,490.231078173227,6.22683407167806
3925,39.32041385265367,24.70472182943796,472.5295773903337,6.284980064624001
3926,40.018637948106516,24.45792118103799,405.7791233586369,6.432819756586436
3927,38.83836926872402,23.48421467004673,253.13415337895768,6.312226854673231
3928,37.21498021537118,22.29264700265674,64.09809468470503,6.35736464858129
3929,37.80076731038933,20.68313725856691,5.376794471168958,6.3009673532221875
3930,37.265954479045185,19.97968390558773,5.228090050944213,6.282500182862658
3931,35.620406335764976,19.801204540501406,0.0,6.297571487451246
3932,35.80961076944475,18.93562430319222,15.683403474489525,6.335706826579712
3933,35.99777173870077,16.39024004649525,0.0,6.3478266090305935
3934,36.79311990479078,16.302717145342157,4.5769841619181495,6.494477005606591
3935,38.07558111466235,17.037314768765242,0.0,6.136372898231332
3936,35.714306834632,15.830690399217762,5.789021457013172,6.170223805344272
3937,32.6809306486778,17.238644575072094,26.587279824288178,6.518088895230272
3938,32.335879907777425,16.1157017270229,0.0,6.335312551315818
3939,30.885033926120467,17.849043185719385,10.312286015708583,6.143257380322193
3940,30.717885229557734,19.470489405114574,15.969226779557651,6.362776759871725
3941,29.320000437357884,19.000791992316344,31.44757266089281,6.252331770741734
3942,67.17156329887621,19.684036857320887,0.0,6.280409726484487
3943,65.44301544338406,22.374496206233797,0.0,6.361520089202095
3944,64.34292164008387,22.10424647924996,92.06506139273012,6.629807324959904
3945,62.808785800789856,21.384074947764574,258.8687472670628,6.36337451591819
3946,59.385421009287775,24.087291287348112,365.63495672277713,6.5867564756004535
3947,59.13024937740754,24.093158949774857,478.12962796667364,6.460556795448091
3948,57.61522717163378,25.7854708742091,537.5489607191893,6.248804106334069
3949,56.28323201612752,24.5817459394701,516.5397123643178,6.270799393101607
3950,54.968585257351094,23.961118338309145,424.35021127691624,6.559789170802748
3951,52.75911363872767,23.91112349027991,250.55216203005526,6.455362473996853
3952,52.19461942401713,22.236765456447944,79.1794422033268,6.381677199597991
3953,49.60880890012885,21.41223239141415,24.56230587561857,6.476135860406125
3954,47.66297255831574,20.13135414422601,0.0,6.1924049384483215
3955,45.59344755135346,20.258376480698832,2.808517348896684,6.393274099057751
3956,41.96642369475874,17.71955039788548,0.0,6.178018948509553
3957,43.10273942636607,17.718267903970293,27.205899858998205,6.234707810833143
3958,42.15381111695648,17.291427410463907,28.050920444411666,6.490975612718493
3959,39.512191491143895,17.108541317394792,39.09325086924979,6.191691895000195
3960,38.741341763309684,16.47986705007521,0.0,6.387514054816131
3961,38.1663004136591,16.66963383255521,0.0,6.342077361686476
3962,37.15456648528935,18.33780711653524,0.0,6.268289863121436
3963,36.69078300958153,17.103347245532944,0.0,6.368411285646246
3964,33.91552655671394,17.77094618763034,0.0,6.438814078601734
3965,32.65739444496532,19.80717081771085,2.2467589746475336,6.637024806734874
3966,32.54284053888006,21.863179017385626,41.2636683863116,6.3165718281651815
3967,31.610601436355573,21.754093434390096,0.0,6.368844700423612
3968,33.21376468262946,22.671662682969774,121.66132126126598,6.242202868129195
3969,30.384202030387744,22.910722975765594,219.0544289750616,6.20486930553298
3970,67.06046907448356,23.42066935943567,338.4662304127574,6.527323144763858
3971,68.24652027615296,24.031383918888277,476.4941001740633,6.426715290526651
3972,66.50656350937055,25.107930274541186,480.0626581048626,6.277331641363588
3973,66.94355476584555,25.635037099749585,446.7100684798946,6.438583101905673
3974,67.92944149567619,25.060658406261734,369.5826984924191,6.460542684538947
3975,69.22236087841735,22.79269075695654,262.81288351525666,6.342411731207905
3976,69.70433349726775,23.93803587574879,77.54814344046756,6.398603552533303
3977,69.8902594936882,20.339534347636,24.13765781853715,6.364341546248804
3978,68.36887436883431,20.933103498108192,0.0,6.36390329106104
3979,69.40445353176626,19.683055111776522,0.0,6.3349652154430265
3980,68.6724871972921,18.777653017760223,0.0,6.400814999819646
3981,67.11468539399824,18.271792482048593,0.0,6.487105367149553
3982,67.2783539327877,17.606142228826137,10.831658639988238,6.371145524676634
3983,67.29217226709572,17.641713172822392,0.0,6.287974083669905
3984,66.76707265549132,15.71657059146192,14.343399492265792,6.2914352802021485
3985,65.665817203636,17.00529872880677,16.53488606212585,6.263304167343725
3986,65.28030336883606,18.233389893056525,0.0,6.464058915791813
3987,65.31254574607185,17.839203849288552,3.482955160115784,6.347989050042049
3988,65.3221513569405,19.146399443022652,0.0,6.4294566068603265
3989,65.33965030572257,20.085731914895675,10.333910682525712,6.204655030277127
3990,64.77386137263552,19.612939673413123,0.0,6.325782410569454
3991,63.3915077290428,21.714643322695856,0.0,6.286750527223543
3992,63.66303238010429,22.17407858067829,68.67185474663776,6.335723181588689
3993,64.41103026945429,22.90550380276582,232.30537542467073,6.309556495552978
3994,63.19278654950292,24.099155454352395,357.80451120019904,6.554275886365001
3995,64.32207607437307,25.24020687772684,440.8844873084437,6.50275683535697
3996,65.38783216567992,23.900730623874413,484.35626511995804,6.3779175484388855
3997,63.29901216942321,25.62347116058977,504.18947945023154,6.305341503445563
3998,59.23517132502944,24.15807761772189,382.35282631657213,6.379321603375376
3999,59.84792409058904,23.126410197399835,244.91689047871708,6.4325869711046595
4000,59.36397856096326,22.05485380949451,119.7712008792856,6.479286312272724
4001,59.24243915814767,22.211104489363752,6.902786193081165,6.393480469811878
4002,60.12889726464545,19.58965636405389,0.0,6.265527244106777
4003,59.28620748666412,18.356121896429638,22.15965022107288,6.297270034432623
4004,58.32425100131432,18.86597168553538,23.0846960979952,6.344369498502097
4005,57.123895503628376,16.50244736405013,0.0,6.41138110015596
4006,57.47927852616225,16.74489761021783,5.817423812881718,6.281093491639244
4007,56.39562384859034,17.77390911074008,10.112621025062257,6.382259123606473
4008,54.462306377784174,17.44612822209604,0.0,6.367620178349332
4009,55.42915999676379,16.604187464463095,51.19798519537076,6.2961656535244295
4010,55.677503535611514,16.373170076739676,0.0,6.415985248850902
4011,54.24417067883647,16.643133091912773,41.26891075577479,6.2455338409386245
4012,54.21701624857019,18.33509780590607,0.0,6.3692744119596725
4013,53.25842719584945,19.96204763556401,0.0,6.498141539496824
4014,54.38966707883783,20.850988478045497,34.9215503658839,6.206766479969579
4015,52.55908206126204,22.174757708953884,0.2831895903700706,6.577968939404035
4016,50.28323091864266,22.672066567301876,89.83351758880181,6.702476873032956
4017,47.14503246634869,21.853525026680924,310.8946496303703,6.623367508801419
4018,44.41631145044311,24.853159486469863,430.9602702175705,6.4353041695826105
4019,42.06320523041162,24.809136339859226,469.17927731410407,6.34314957835426
4020,42.16667456727879,24.486797330479607,472.51653095256916,6.359108263626982
4021,40.99275956286174,24.43555074814459,466.9798621864952,6.449739307204123
4022,40.58558945195971,22.605402364669658,383.18101088299136,6.20716779930589
4023,38.93072174403191,22.90752500526837,221.62431790189146,6.509662920095854
4024,37.219514073804035,22.92045023747435,78.77605914193636,6.4019381464588845
4025,36.18974976627712,21.39157962806088,22.095527361116364,6.611094454301788
4026,35.6990446057809,20.819840755480282,6.552784734428414,6.375373722420115
4027,34.79067506845206,20.151233311958062,0.006574473362630022,6.024589063856086
4028,44.188582540387344,18.40832343513111,0.0,6.314084897450775
4029,32.43119725950776,18.433915619869026,0.0,6.044219584959887
4030,32.40605322216679,17.905582776740253,0.0,6.449182989009615
4031,31.347623509415858,15.304805193174927,8.254155344468833,6.430901265860654
4032,31.047020350326918,15.5345605234113,0.0,6.339041988177689
4033,30.62818094194981,16.210816835205335,22.10221807608383,6.441225209788773
4034,30.737354003230724,17.812693330997668,0.0,6.596448639269055
4035,77.30682259538727,18.378671699839195,0.0,6.361302279290647
4036,75.65170331169848,17.62505852176576,0.0,6.358756979129058
4037,74.32123452565008,19.76209252713309,0.0,6.346051368385819
4038,74.41159726961273,20.659156090804256,1.6066352303845166,6.35388721445402
4039,72.63188896039627,21.84770482576173,0.0,6.377697798699317
4040,71.61969691367317,21.96782014018965,110.31839826871469,6.380547645661816
4041,69.55473591147671,22.96678590915795,266.39349918072674,6.314991899200881
4042,68.07400150717692,24.333079539631214,401.17876471154875,6.529570377756998
4043,64.8895659759847,25.24158157214651,448.1731182463421,6.327817911641249
4044,62.82971465377327,25.292925885865973,497.05102184438954,6.405287441015071
4045,61.45821290117156,23.35298936079712,484.7077959072886,6.425321839696685
4046,59.70992099716977,25.326131562466927,387.6894469913131,6.349609251443823
4047,59.351186099261696,23.490401333508434,253.3601473548759,6.583272100400586
4048,61.073922137853515,23.296702279254273,134.5551763209954,6.4962754763185755
4049,60.07613596725561,20.484356882095057,29.920063391110517,6.342735903992584
4050,58.84772908169092,20.238647761909213,13.992725539034623,6.274595026895309
4051,57.32484276867398,21.071930421737868,16.976735919590432,6.42553159470759
4052,56.84292334105441,19.9748255490671,0.0,6.222095469111005
4053,55.88982551505295,17.461076550286887,0.0,6.191933782565511
4054,55.15221780366638,18.171243076079662,0.0,6.166772673458922
4055,53.56596980696163,16.690359136826352,0.0,6.426445578446134
4056,51.839087024311134,15.419100052438552,0.0,6.388472586233052
4057,51.463637668258954,17.385394618991953,0.0,6.438782160252052
4058,51.05719913922183,18.60232208327092,0.0,6.454176134680805
4059,50.9231344708818,18.80196407512792,55.71823827988111,6.505436655307858
4060,51.17292923858684,18.416259537311912,0.0,6.270473313662411
4061,50.35898926675301,19.0725705030148,31.30206811148488,6.447658006853701
4062,50.54470306055045,19.494687664248577,0.0,6.370512353431857
4063,49.75407612568188,21.924609143057854,0.0,6.463299605426972
4064,50.72940469119886,22.318180867418775,100.50638598281242,6.344897852327876
4065,50.52143255151925,24.042301836422027,280.157460363916,6.54421084645619
4066,48.87755945024086,24.548740399714408,416.35662039000135,6.152859643446279
4067,48.85493988454453,25.426650599019762,476.4623980881971,6.431544731830521
4068,47.558397848099034,23.531549901710406,512.4396198804228,6.227438592005828
4069,47.08299321845061,26.29734109478543,489.7760879979208,6.421759459877824
4070,46.52184341877542,24.318936927819287,369.2245240802776,6.374200908094933
4071,45.379153671560175,23.3812842199326,262.9206623101161,6.152181999893828
4072,44.98372163040951,21.634654269246315,89.07691615903482,6.494998424552574
4073,45.280070822997764,21.457700279350266,12.864708371051199,6.434401840943112
4074,44.97146963891846,19.889484634384164,0.0,6.416645277331835
4075,43.046444355252426,19.07010479092934,0.0,6.365884874486685
4076,42.232223093086525,19.133612797701606,0.0,6.416959076661845
4077,42.563998977834416,17.952305645563655,31.49868627578117,6.269887550379864
4078,41.19801298583949,16.297561737377087,0.0,6.285868784450159
4079,40.977170662247865,16.442716094715486,0.0,6.5165308176656405
4080,41.31142027157623,15.970917912277761,0.0,6.40106419254663
4081,39.425093396467204,18.31241840950615,0.0,6.420299549312545
4082,39.73304256983157,16.784131035075358,4.213548215842603,6.475340303736334
4083,39.07760556358227,18.22020459962208,0.0,6.397874108230691
4084,37.665726578292954,18.01614849858329,41.19085643731889,6.419897528238652
4085,37.44690428182003,19.45176075964006,1.4748157241308981,6.517720526823577
4086,37.06140316489374,20.086315284378262,0.0,6.340216616063813
4087,37.416853638712254,21.917362118714337,0.0,6.331927503352916
4088,37.77244009012469,24.126888023467732,81.17633170399297,6.432033830987815
4089,38.108318866936,24.1997279845631,267.3778866333476,6.453884345988034
4090,35.32151278336269,23.622613893152852,401.8058693519491,6.658086591589359
4091,32.3515684582708,24.658309811586527,468.4669901219781,6.444420352475353
4092,33.49875110872766,24.603040486334997,508.9705055718408,6.198293594498307
4093,33.90497817051087,24.66279620450854,472.8853652345492,6.537013356965986
4094,34.07081606836466,24.000634666751107,361.7809715680969,6.244261276157553
4095,34.40458769914876,24.457493339847016,296.2901865846433,6.443606920857465
4096,36.173245767909016,22.75411202138294,157.70963389400617,6.568259999821028
4097,33.66327739257107,21.544482008677782,0.0,6.371586512674996
4098,33.19427471156916,21.614323441376637,0.0,6.425108851128954
4099,31.59977773058089,20.008763513748885,9.441933821101923,6.414100764817934
4100,32.18725590463113,19.100786118606464,0.0,6.355359572275018
4101,28.482110314672656,18.206466382435785,17.869457888519804,6.335000936511635
4102,79.33168074742585,17.55756160689091,0.0,6.488127778143322
4103,78.71841046061839,16.36511706566196,1.7476062510592376,6.474226950823908
4104,78.57218116301014,17.033345300023104,17.495093534192122,6.368581968951318
4105,79.8604130346424,18.52464070603695,0.0,6.331941371914237
4106,81.08445923179819,19.52268610867321,15.266389028662953,6.415505939032465
4107,80.44764516511204,18.128811496298912,0.0,6.618377543511962
4108,78.42626228686919,18.88380826617861,16.424022995036466,6.473878970513255
4109,79.53217866545415,18.98515702220869,0.0,6.572560078545381
4110,78.43420210083492,22.041255104124566,0.0,6.5865755314124215
4111,80.20046344410102,22.34700596281075,0.0,6.567390437856782
4112,78.59068726417533,22.60198515002974,97.83742461821572,6.616325605514788
4113,79.58789391641939,23.462378719733252,267.7134453811567,6.580213880907279
4114,77.16722748167108,24.857295506536765,386.22338001797107,6.409141409427669
4115,77.94046344451316,23.998327813438053,446.0294225364396,6.589807069117803
4116,78.49655386463125,24.00457678211666,525.1880360598425,6.494175172287518
4117,78.71964563403421,24.92410235422466,469.4932467630736,6.445288207869791
4118,78.10605553178456,24.59176572052224,422.7691279934176,6.392250863367815
4119,78.85439561756465,23.891305118703023,256.9110948166521,6.364339338900014
4120,78.17314143143992,23.626313107761547,141.7340487689537,6.584258179928998
4121,79.60040050620458,21.45561734950553,0.0,6.384877057231708
4122,79.95524993750837,19.308200872943655,0.0,6.320232705154486
4123,78.87058052468421,20.18564237813347,0.0,6.510358185329276
4124,78.9870745274188,19.549614508483593,2.4248746364075897,6.340734876736948
4125,76.98270577340132,17.530307297839535,33.65849729119743,6.485562271480676
4126,75.17241729487539,17.810711380434743,6.782833724157401,6.288417224476469
4127,72.17984539904262,16.529996674817887,0.0,6.6645130282298295
4128,72.56024494675817,16.539284658329198,1.225054206807744,6.213497564146418
4129,71.3603267102735,15.683993037412316,13.873844705152008,6.298995216499231
4130,69.56895740269835,16.438183808284712,10.189897233110571,6.578379607198122
4131,69.98898433256464,17.882608930659742,0.0,6.285297352338732
4132,67.29312333888588,21.04508499009496,0.0,6.4476559287377375
4133,66.76792978714558,19.2695981054213,0.0,6.546392004618483
4134,65.50060576303092,21.358213013570936,9.29923291012194,6.4446624647024136
4135,64.390086875703,22.044698663942746,0.0,6.383114902131311
4136,62.265562622628586,21.080712764545922,154.20507759903973,6.483996551547261
4137,61.28121570641525,23.92974079426139,254.84572167378266,6.504570311151327
4138,56.68468572399859,24.05436644670957,407.782805225461,6.530369709686164
4139,55.689946337635895,25.589670637760214,463.31087865826925,6.560974237467366
4140,53.57806566011609,24.368517548210985,478.71007157654094,6.496396956711198
4141,54.36774635139424,24.096513128784125,479.130298951515,6.504486119084977
4142,52.41897963524775,24.698071480861625,395.9681382975731,6.30700975423802
4143,51.605854955238904,22.797412755020748,249.59466051087503,6.605120966127931
4144,51.65017350724529,23.89508125699528,138.31214118788307,6.463848074295975
4145,50.34547846029521,23.298321252059214,0.0,6.432280136215552
4146,49.57623111225306,21.399746806577536,0.0,6.486858899866549
4147,48.90302176119653,20.94750144711205,8.560289515317983,6.220653559205321
4148,47.94635369823402,20.906595160402052,16.0589985303899,6.471080578857023
4149,46.63201648380017,16.83592858941043,0.0,6.462315130496313
4150,44.838582144194504,19.165760097624233,44.26555836022608,6.441907490931969
4151,45.79427998434141,18.13306493634463,0.0,6.343756232926762
4152,46.91900109538266,16.559499044529566,0.0,6.373439475234879
4153,47.65125867424753,16.126184074976052,0.0,6.263606091038586
4154,47.58806612038379,17.9282541704932,24.342598423122244,6.244758794728997
4155,46.899091806964044,18.084092774382338,31.250648270956198,6.385177988675498
4156,45.49922818280363,18.619771123356212,16.349715613123834,6.233274153825294
4157,43.395067687527785,19.045236566940265,5.560589351578708,6.418307465832343
4158,43.57349094830571,21.97501338353106,15.7772843170425,6.560476630556968
4159,40.97467120993017,22.597989613021458,13.806058561838695,6.526027686021878
4160,38.43777913231279,21.873347428503138,136.50241021767044,6.485957753421408
4161,39.888479100358076,24.39712059520405,264.50024001568516,6.474636596994108
4162,38.60522645664695,25.408602870358305,421.45867456173767,6.38823903891494
4163,37.71573064010484,25.78405008306566,452.7930191119025,6.509162879071639
4164,33.10144044433965,26.228449514518672,535.8937789432509,6.353935448167414
4165,31.489282164518645,25.036510973046333,516.0143098865523,6.478859883651451
4166,31.66067143617376,25.586783830812205,375.5511150912801,6.6480358592635
4167,31.1662603703823,22.80211275426827,295.9513982709679,6.32552882693603
4168,28.53174871426291,22.641969207842223,155.0514139449953,6.527187141857218
4169,67.9022151540735,22.720823286219655,25.031587653653933,6.37267535076708
4170,66.23570786067565,20.749296995126965,20.683059954437432,6.391858710236387
4171,66.23760743461118,20.06846712951668,6.130244129395887,6.320090127297638
4172,63.83459986866832,20.42794172336803,3.6841688530228494,6.320664653294563
4173,64.21249240141354,19.579468815129324,72.05664271621747,6.432414119427111
4174,64.61890362473929,18.857176877623374,0.0,6.461829383066822
4175,64.51306735627394,17.264371190507212,6.3700170599634625,6.614953285526461
4176,63.68507876737467,18.494600059220133,23.25421187211933,6.33490547444113
4177,61.44663989937474,16.585135703005772,0.6046760543467123,6.188555084969332
4178,58.41986153623405,17.218950583601856,13.136990486593056,6.616818271381175
4179,56.75601428991157,17.69027009332367,0.0,6.425068897843688
4180,55.8126347110245,19.43301375800895,23.211623538093427,6.602926001290932
4181,54.29171528163538,19.77135622280222,0.0,6.339598342535364
4182,54.02847730841645,22.09802469218998,20.38369707723293,6.448159702937216
4183,53.599484566370094,22.22094566643804,0.0,6.430567323654507
4184,55.016614844800074,24.619171910452373,146.07597423657404,6.325452687952208
4185,54.20630512720826,24.818471754255544,291.3794862441083,6.532142015829267
4186,53.409018564385974,23.28073906177459,376.7417827704784,6.429787670081143
4187,55.06140139995053,25.020731441594407,476.83224947367387,6.586972371646239
4188,52.87662173109239,25.010067969955543,507.5080819595223,6.3830802705850305
4189,52.96626641297396,26.006396447606058,474.3205665783533,6.269701727217212
4190,53.81456126671391,22.995028771695058,388.26748057337073,6.240085127508613
4191,54.05009669116288,24.20622240110971,275.8921154880455,6.578822998588682
4192,53.182477468048006,23.45079153742453,135.22777574467634,6.529797856296647
4193,52.10366658772771,22.574945062082424,0.0,6.4008945655549425
4194,50.02362787978603,21.808959683716253,0.0,6.215018082827906
4195,48.68697626502718,20.371104799214358,0.0,6.675245014938439
4196,47.001219618793805,19.9020235538185,1.6118577196126367,6.416137613675402
4197,43.84931026769198,18.256124159506825,0.0,6.3432967488977114
4198,45.47428268531036,17.187161439222322,19.971902188806823,6.394927003287506
4199,44.7308189505946,17.944860927135277,0.0,6.363390898665066
4200,46.591804606262514,18.128808065134297,16.41938887819522,6.559166150364072
4201,46.43449814830397,18.736207646344667,15.893566460902477,6.172666104015441
4202,45.26793727235586,17.122698867264692,0.0,6.288073356608876
4203,44.54081957791783,18.419332000519553,16.506150344806272,6.416078682845856
4204,41.991583578571735,18.866983636284836,0.0,6.3750340784551085
4205,39.4934806646883,20.6142517464843,0.0,6.384791217924605
4206,39.056600320922115,22.632892785535184,0.0,6.583707846330007
4207,37.225495785163844,21.64480069147592,0.0,6.4977701059603605
4208,37.774374982634946,22.19899029018749,115.00851408713172,6.463671126890124
4209,36.917419977368105,25.058973043002656,286.87699800227637,6.538566135475791
4210,36.88270849602577,24.55296908567864,364.68680912114894,6.59468632082617
4211,35.58533894197401,26.150863343634082,442.0735672848536,6.30667515964413
4212,34.8809771999994,25.68576795579958,517.3275824695071,6.485223214859128
4213,34.159580633854105,26.298907094077958,449.89355523387496,6.625135022257153
4214,32.75925190447018,25.25293553647153,421.31925747964664,6.400667009290521
4215,32.26568817530728,25.202258120900073,308.72439222506443,6.305941866861779
4216,33.192524978233244,22.810257316245956,113.06407100005516,6.372427897595343
4217,32.15232035428893,23.63777605154204,38.16021701958239,6.479031666713056
4218,31.737582916958726,20.608594928827713,6.839319598465571,6.53248338424694
4219,29.163177446801075,19.734788539898354,0.0,6.575755320088523
4220,60.36307232149038,20.748013279062512,0.0,6.237334536506769
4221,64.86130045380466,18.828274789074445,0.0,6.5743606055803445
4222,66.71609987187121,17.753091899444303,0.0,6.428893149404653
4223,67.88036907526005,17.25382533631717,17.941963427927924,6.392314119516039
4224,68.99816665732482,17.65031880425028,0.0,6.466189529535793
4225,66.5818065882198,17.052950650648643,58.89159248106927,6.3380558488295655
4226,64.19642824232768,16.464360425823322,0.0,6.550705722114481
4227,62.89410906590006,19.686152439099647,0.0,6.396814026016022
4228,63.04276902741779,19.16964217223838,10.930488321070264,6.469679757437186
4229,63.047523027657675,20.5369130111364,10.927775286185195,6.551871605455926
4230,61.7590191685871,22.546776341747396,46.92802647986797,6.5370143058129395
4231,61.9778730640286,23.614504444178177,0.0,6.368189680707593
4232,59.83306085932693,22.675125158627587,132.9523394093332,6.337831419074813
4233,58.96264080803984,22.964413965529936,278.20152113949524,6.557147667733918
4234,63.11780781226774,23.999067155910932,380.99644003070415,6.4999511289951855
4235,55.47078534295034,26.66987223760775,485.55797119014505,6.311633868336219
4236,55.6050453236554,24.644742259498653,519.360592143927,6.73890682269537
4237,51.72863386718087,26.505419853605787,470.7619145585014,6.48928501001626
4238,50.42797985978133,25.248500877579197,376.38702305118045,6.231484335320232
4239,48.49120745135316,24.153251961983077,312.82136248229966,6.5431860281885585
4240,48.53876603393133,22.487174567214446,111.80589566575794,6.476466360841232
4241,48.26049424631473,22.583128393626197,9.266173423772287,6.54110506189246
4242,47.70131292089704,21.792908842574125,0.0,6.378785443990781
4243,45.25978733652884,20.79838511709703,0.0,6.323657059383806
4244,44.967693344034224,17.870778646276953,8.783408488646517,6.535517630947519
4245,43.66402797228092,19.522456656435047,0.0,6.438092540752805
4246,42.622202688406624,18.00360329773853,10.39274936537181,6.441311651130016
4247,41.246806898007236,18.396393053679894,15.456061801965513,6.263190507676579
4248,40.93118473880854,17.710111523762574,12.674318014503898,6.5422161609272065
4249,38.7781242016818,17.464085155911025,0.0,6.592232038261164
4250,37.753036223481914,19.021632670753036,23.969647047677984,6.433494561395344
4251,37.889155651157715,18.74665004863557,20.806992413464762,6.566122668506156
4252,34.144859219014926,19.564378652087346,27.682000617802075,6.416067669743114
4253,33.665734114713324,20.124176265143443,0.0,6.48946916208038
4254,31.547476577417754,22.26680786800745,17.6363656040133,6.471812929763763
4255,31.255478074416065,21.883401986087613,0.0,6.477446212779864
4256,30.493893590452156,22.35852032999081,158.50240277605278,6.435525889445104
4257,77.08203232251343,24.561437223470737,311.86016609483465,6.450742982343635
4258,76.28564160140043,24.636518341447374,369.37859997254867,6.361460367300596
4259,76.84792385743904,24.653438501104016,505.5561696020668,6.308183195718761
4260,74.1390019140597,25.93692959062719,491.30782181891345,6.470999821241529
4261,71.92128787830616,25.782925617151268,458.0082692903612,6.382852759373755
4262,70.87373292766686,23.461971547264064,426.2367812896289,6.627652987752282
4263,70.14212771596075,24.85811245783198,303.3206284858706,6.500614990093941
4264,69.7464619857967,23.646926076829164,169.90673876042172,6.383544675823589
4265,69.90169684271328,22.865918608999312,0.0,6.461791872636196
4266,69.95798716778722,22.134386002417695,10.670732786000869,6.5316254542831444
4267,70.75048116403345,20.083651302073022,11.933907618209684,6.472626682605949
4268,70.15244957455666,21.313394760770073,0.0,6.540981899333045
4269,70.70219809141,18.511831916964233,0.0,6.464873098988764
4270,70.79179521083768,16.997232672809044,16.799843327407714,6.533970628722618
4271,71.50178500187063,17.373501687885174,0.0,6.343309117402771
4272,72.12026679261271,16.725803123973513,16.372473669809672,6.236826691083259
4273,72.94437412145405,18.32686141399455,0.0,6.289212044503578
4274,71.43686731491171,18.096985522735537,44.3549071309696,6.481108515823363
4275,70.32525933555236,19.049772976899312,0.0,6.429346651943678
4276,68.87823454770425,20.31780416626481,0.0,6.4316787281092545
4277,68.99250867057299,19.181424730062243,0.0,6.521070122151845
4278,68.05402306380488,21.491495279251897,11.981835342299087,6.3948098384898895
4279,67.70615865693614,22.929208965588735,0.0,6.557418702453437
4280,64.34823689927418,23.519475063075408,151.90025854056773,6.45963800291956
4281,61.4454255428812,23.95587766182093,300.29901052672824,6.365298184304858
4282,61.629635439850354,26.019640144009067,407.3353194898286,6.318861316330632
4283,62.17353275747434,26.995742156433472,456.3996080090177,6.591680017963913
4284,62.12514319941643,25.402182223817945,544.1893357960591,6.443013371154114
4285,61.46858283966676,26.061128825301463,476.0721990351002,6.471729568943815
4286,61.47639964729487,25.404550129679805,385.50427534825076,6.384307188024464
4287,60.310802754935,25.8989210643523,273.4770898146151,6.732818273352919
4288,58.93539136287368,24.1444455221348,165.980512947661,6.560442650602974
4289,57.495555889131836,23.67491216473675,0.0,6.335294048379762
4290,47.31246282344183,22.38656202855486,32.38819567787712,6.351075616465846
4291,56.314085643460096,20.525920337607403,6.2325764744946,6.562400978934431
4292,56.81578161197718,19.966046849693505,0.0,6.567272937728736
4293,55.71036373711468,18.219276758034706,11.36174841223347,6.589851459937368
4294,54.80326485867063,18.24172011693194,0.0,6.55876751589291
4295,51.723388278744316,18.940772979002457,9.927324872699316,6.522574379238063
4296,51.85011483379543,19.49439174457325,0.0,6.377012301909317
4297,51.49677162558493,17.711419842816568,0.0,6.44951930599536
4298,52.62378692494249,17.87181431416453,0.0,6.203102146038415
4299,52.61156477319465,18.819782680687783,16.909210659487343,6.272977801862543
4300,52.844558450222664,20.43685840940098,20.713195612533855,6.350099739524624
4301,54.35744258049513,21.873468216237082,0.0,6.506526726365528
4302,50.41771766393833,20.901111203324906,0.0,6.448116334077703
4303,51.139402481093185,21.944818917252096,5.005234752909455,6.376979451876879
4304,50.89572147471076,23.5195931192773,172.22204262694663,6.345075911845775
4305,49.615797640389204,23.71064171076156,267.97953653823805,6.373216553420594
4306,46.35392326184033,24.649529118859547,376.3042147318812,6.549074618872939
4307,42.80911936612756,26.2119015726087,470.26271485625404,6.475953046593533
4308,42.46069440301865,26.147759428980834,510.6460755367677,6.319930075020922
4309,42.21742874293978,25.642550695254464,473.5487564154312,6.50309263622511
4310,41.098367181169266,24.9486743854651,405.6360635975275,6.419747477543005
4311,42.201196271443266,23.66512274922385,262.8093232608836,6.34664501915583
4312,43.466385315174044,23.91201639561215,118.08009835483887,6.3663917289588134
4313,41.902167847535615,23.384371055748105,18.705375104883977,6.425553678860479
4314,40.84403503773847,20.351768289084504,0.0,6.43372728477694
4315,40.93695631069157,21.246681872383128,13.914394016901529,6.397361708333525
4316,38.86967137915823,19.395549004123882,0.0,6.2885805471695955
4317,40.30302803806336,18.662514768061897,0.0,6.567762159112853
4318,42.40512600536868,18.603018069548224,0.0,6.7967776091531995
4319,38.28805645287734,17.971354668143555,19.807724732227054,6.502190240964803
